,Season,MMWR Startdate,Age Group,Count of Hospitalizations,Pathogen
1780,2020-2021,1/3/2021,0-4,1,COVID-19
1782,2020-2021,1/3/2021,5-17,7,COVID-19
1784,2020-2021,1/3/2021,18-49,59,COVID-19
1786,2020-2021,1/3/2021,50-64,83,COVID-19
1788,2020-2021,1/3/2021,65,171,COVID-19
1790,2020-2021,1/10/2021,0-4,1,COVID-19
1792,2020-2021,1/10/2021,5-17,3,COVID-19
1794,2020-2021,1/10/2021,18-49,64,COVID-19
1796,2020-2021,1/10/2021,50-64,76,COVID-19
1798,2020-2021,1/10/2021,65,118,COVID-19
1800,2020-2021,1/17/2021,0-4,2,COVID-19
1802,2020-2021,1/17/2021,5-17,9,COVID-19
1804,2020-2021,1/17/2021,18-49,66,COVID-19
1806,2020-2021,1/17/2021,50-64,54,COVID-19
1808,2020-2021,1/17/2021,65,110,COVID-19
1810,2020-2021,1/24/2021,0-4,0,COVID-19
1812,2020-2021,1/24/2021,5-17,8,COVID-19
1814,2020-2021,1/24/2021,18-49,59,COVID-19
1816,2020-2021,1/24/2021,50-64,47,COVID-19
1818,2020-2021,1/24/2021,65,90,COVID-19
1820,2020-2021,1/31/2021,0-4,1,COVID-19
1822,2020-2021,1/31/2021,5-17,6,COVID-19
1824,2020-2021,1/31/2021,18-49,51,COVID-19
1826,2020-2021,1/31/2021,50-64,53,COVID-19
1828,2020-2021,1/31/2021,65,92,COVID-19
1830,2020-2021,2/7/2021,0-4,2,COVID-19
1832,2020-2021,2/7/2021,5-17,5,COVID-19
1834,2020-2021,2/7/2021,18-49,71,COVID-19
1836,2020-2021,2/7/2021,50-64,44,COVID-19
1838,2020-2021,2/7/2021,65,81,COVID-19
1840,2020-2021,2/14/2021,0-4,2,COVID-19
1842,2020-2021,2/14/2021,5-17,8,COVID-19
1844,2020-2021,2/14/2021,18-49,37,COVID-19
1846,2020-2021,2/14/2021,50-64,28,COVID-19
1848,2020-2021,2/14/2021,65,66,COVID-19
1850,2020-2021,2/21/2021,0-4,1,COVID-19
1852,2020-2021,2/21/2021,5-17,5,COVID-19
1854,2020-2021,2/21/2021,18-49,58,COVID-19
1856,2020-2021,2/21/2021,50-64,45,COVID-19
1858,2020-2021,2/21/2021,65,64,COVID-19
1860,2020-2021,2/28/2021,0-4,1,COVID-19
1862,2020-2021,2/28/2021,5-17,1,COVID-19
1864,2020-2021,2/28/2021,18-49,37,COVID-19
1866,2020-2021,2/28/2021,50-64,33,COVID-19
1868,2020-2021,2/28/2021,65,48,COVID-19
1870,2020-2021,3/7/2021,0-4,1,COVID-19
1872,2020-2021,3/7/2021,5-17,2,COVID-19
1874,2020-2021,3/7/2021,18-49,51,COVID-19
1876,2020-2021,3/7/2021,50-64,59,COVID-19
1878,2020-2021,3/7/2021,65,66,COVID-19
1880,2020-2021,3/14/2021,0-4,1,COVID-19
1882,2020-2021,3/14/2021,5-17,5,COVID-19
1884,2020-2021,3/14/2021,18-49,65,COVID-19
1886,2020-2021,3/14/2021,50-64,73,COVID-19
1888,2020-2021,3/14/2021,65,75,COVID-19
1890,2020-2021,3/21/2021,0-4,3,COVID-19
1892,2020-2021,3/21/2021,5-17,6,COVID-19
1894,2020-2021,3/21/2021,18-49,82,COVID-19
1896,2020-2021,3/21/2021,50-64,78,COVID-19
1898,2020-2021,3/21/2021,65,83,COVID-19
1900,2020-2021,3/28/2021,0-4,2,COVID-19
1902,2020-2021,3/28/2021,5-17,3,COVID-19
1904,2020-2021,3/28/2021,18-49,103,COVID-19
1906,2020-2021,3/28/2021,50-64,97,COVID-19
1908,2020-2021,3/28/2021,65,107,COVID-19
1910,2020-2021,4/4/2021,0-4,4,COVID-19
1912,2020-2021,4/4/2021,5-17,3,COVID-19
1914,2020-2021,4/4/2021,18-49,148,COVID-19
1916,2020-2021,4/4/2021,50-64,147,COVID-19
1918,2020-2021,4/4/2021,65,98,COVID-19
1920,2020-2021,4/11/2021,0-4,2,COVID-19
1922,2020-2021,4/11/2021,5-17,7,COVID-19
1924,2020-2021,4/11/2021,18-49,153,COVID-19
1926,2020-2021,4/11/2021,50-64,172,COVID-19
1928,2020-2021,4/11/2021,65,112,COVID-19
1930,2020-2021,4/18/2021,0-4,3,COVID-19
1932,2020-2021,4/18/2021,5-17,11,COVID-19
1934,2020-2021,4/18/2021,18-49,122,COVID-19
1936,2020-2021,4/18/2021,50-64,123,COVID-19
1938,2020-2021,4/18/2021,65,102,COVID-19
1940,2020-2021,4/25/2021,0-4,5,COVID-19
1942,2020-2021,4/25/2021,5-17,10,COVID-19
1944,2020-2021,4/25/2021,18-49,130,COVID-19
1946,2020-2021,4/25/2021,50-64,98,COVID-19
1948,2020-2021,4/25/2021,65,81,COVID-19
1950,2020-2021,5/2/2021,0-4,3,COVID-19
1952,2020-2021,5/2/2021,5-17,6,COVID-19
1954,2020-2021,5/2/2021,18-49,87,COVID-19
1956,2020-2021,5/2/2021,50-64,100,COVID-19
1958,2020-2021,5/2/2021,65,78,COVID-19
1960,2020-2021,5/9/2021,0-4,4,COVID-19
1962,2020-2021,5/9/2021,5-17,3,COVID-19
1964,2020-2021,5/9/2021,18-49,88,COVID-19
1966,2020-2021,5/9/2021,50-64,67,COVID-19
1968,2020-2021,5/9/2021,65,64,COVID-19
1970,2020-2021,5/16/2021,0-4,5,COVID-19
1972,2020-2021,5/16/2021,5-17,5,COVID-19
1974,2020-2021,5/16/2021,18-49,72,COVID-19
1976,2020-2021,5/16/2021,50-64,43,COVID-19
1978,2020-2021,5/16/2021,65,60,COVID-19
1980,2020-2021,5/23/2021,0-4,4,COVID-19
1982,2020-2021,5/23/2021,5-17,6,COVID-19
1984,2020-2021,5/23/2021,18-49,59,COVID-19
1986,2020-2021,5/23/2021,50-64,35,COVID-19
1988,2020-2021,5/23/2021,65,32,COVID-19
1990,2020-2021,5/30/2021,0-4,1,COVID-19
1992,2020-2021,5/30/2021,5-17,5,COVID-19
1994,2020-2021,5/30/2021,18-49,38,COVID-19
1996,2020-2021,5/30/2021,50-64,28,COVID-19
1998,2020-2021,5/30/2021,65,27,COVID-19
2000,2020-2021,6/6/2021,0-4,3,COVID-19
2002,2020-2021,6/6/2021,5-17,4,COVID-19
2004,2020-2021,6/6/2021,18-49,30,COVID-19
2006,2020-2021,6/6/2021,50-64,25,COVID-19
2008,2020-2021,6/6/2021,65,21,COVID-19
2010,2020-2021,6/13/2021,0-4,2,COVID-19
2012,2020-2021,6/13/2021,5-17,2,COVID-19
2014,2020-2021,6/13/2021,18-49,28,COVID-19
2016,2020-2021,6/13/2021,50-64,10,COVID-19
2018,2020-2021,6/13/2021,65,12,COVID-19
2020,2020-2021,6/20/2021,0-4,1,COVID-19
2022,2020-2021,6/20/2021,5-17,1,COVID-19
2024,2020-2021,6/20/2021,18-49,29,COVID-19
2026,2020-2021,6/20/2021,50-64,15,COVID-19
2028,2020-2021,6/20/2021,65,12,COVID-19
2030,2020-2021,6/27/2021,0-4,2,COVID-19
2032,2020-2021,6/27/2021,5-17,2,COVID-19
2034,2020-2021,6/27/2021,18-49,28,COVID-19
2036,2020-2021,6/27/2021,50-64,16,COVID-19
2038,2020-2021,6/27/2021,65,11,COVID-19
2040,2020-2021,7/4/2021,0-4,7,COVID-19
2042,2020-2021,7/4/2021,5-17,4,COVID-19
2044,2020-2021,7/4/2021,18-49,29,COVID-19
2046,2020-2021,7/4/2021,50-64,12,COVID-19
2048,2020-2021,7/4/2021,65,15,COVID-19
2050,2020-2021,7/11/2021,0-4,1,COVID-19
2052,2020-2021,7/11/2021,5-17,3,COVID-19
2054,2020-2021,7/11/2021,18-49,23,COVID-19
2056,2020-2021,7/11/2021,50-64,13,COVID-19
2058,2020-2021,7/11/2021,65,16,COVID-19
2060,2020-2021,7/18/2021,0-4,1,COVID-19
2062,2020-2021,7/18/2021,5-17,3,COVID-19
2064,2020-2021,7/18/2021,18-49,41,COVID-19
2066,2020-2021,7/18/2021,50-64,28,COVID-19
2068,2020-2021,7/18/2021,65,37,COVID-19
2070,2020-2021,7/25/2021,0-4,2,COVID-19
2072,2020-2021,7/25/2021,5-17,1,COVID-19
2074,2020-2021,7/25/2021,18-49,40,COVID-19
2076,2020-2021,7/25/2021,50-64,36,COVID-19
2078,2020-2021,7/25/2021,65,30,COVID-19
2080,2020-2021,8/1/2021,0-4,3,COVID-19
2082,2020-2021,8/1/2021,5-17,5,COVID-19
2084,2020-2021,8/1/2021,18-49,72,COVID-19
2086,2020-2021,8/1/2021,50-64,42,COVID-19
2088,2020-2021,8/1/2021,65,48,COVID-19
2090,2020-2021,8/8/2021,0-4,2,COVID-19
2092,2020-2021,8/8/2021,5-17,4,COVID-19
2094,2020-2021,8/8/2021,18-49,86,COVID-19
2096,2020-2021,8/8/2021,50-64,56,COVID-19
2098,2020-2021,8/8/2021,65,61,COVID-19
2100,2020-2021,8/15/2021,0-4,2,COVID-19
2102,2020-2021,8/15/2021,5-17,4,COVID-19
2104,2020-2021,8/15/2021,18-49,100,COVID-19
2106,2020-2021,8/15/2021,50-64,70,COVID-19
2108,2020-2021,8/15/2021,65,105,COVID-19
2110,2020-2021,8/22/2021,0-4,6,COVID-19
2112,2020-2021,8/22/2021,5-17,7,COVID-19
2114,2020-2021,8/22/2021,18-49,98,COVID-19
2116,2020-2021,8/22/2021,50-64,65,COVID-19
2118,2020-2021,8/22/2021,65,115,COVID-19
2120,2020-2021,8/29/2021,0-4,3,COVID-19
2122,2020-2021,8/29/2021,5-17,5,COVID-19
2124,2020-2021,8/29/2021,18-49,91,COVID-19
2126,2020-2021,8/29/2021,50-64,61,COVID-19
2128,2020-2021,8/29/2021,65,96,COVID-19
2130,2020-2021,9/5/2021,0-4,4,COVID-19
2132,2020-2021,9/5/2021,5-17,8,COVID-19
2134,2020-2021,9/5/2021,18-49,93,COVID-19
2136,2020-2021,9/5/2021,50-64,91,COVID-19
2138,2020-2021,9/5/2021,65,107,COVID-19
2140,2020-2021,9/12/2021,0-4,4,COVID-19
2142,2020-2021,9/12/2021,5-17,4,COVID-19
2144,2020-2021,9/12/2021,18-49,102,COVID-19
2146,2020-2021,9/12/2021,50-64,68,COVID-19
2148,2020-2021,9/12/2021,65,117,COVID-19
2150,2020-2021,9/19/2021,0-4,5,COVID-19
2152,2020-2021,9/19/2021,5-17,7,COVID-19
2154,2020-2021,9/19/2021,18-49,87,COVID-19
2156,2020-2021,9/19/2021,50-64,81,COVID-19
2158,2020-2021,9/19/2021,65,119,COVID-19
2160,2020-2021,9/26/2021,0-4,2,COVID-19
2162,2020-2021,9/26/2021,5-17,11,COVID-19
2164,2020-2021,9/26/2021,18-49,79,COVID-19
2166,2020-2021,9/26/2021,50-64,76,COVID-19
2168,2020-2021,9/26/2021,65,134,COVID-19
2170,2021-2022,10/3/2021,0-4,5,COVID-19
2172,2021-2022,10/3/2021,5-17,4,COVID-19
2174,2021-2022,10/3/2021,18-49,88,COVID-19
2176,2021-2022,10/3/2021,50-64,76,COVID-19
2178,2021-2022,10/3/2021,65,133,COVID-19
2180,2021-2022,10/10/2021,0-4,5,COVID-19
2182,2021-2022,10/10/2021,5-17,6,COVID-19
2184,2021-2022,10/10/2021,18-49,88,COVID-19
2186,2021-2022,10/10/2021,50-64,97,COVID-19
2188,2021-2022,10/10/2021,65,129,COVID-19
2190,2021-2022,10/17/2021,0-4,7,COVID-19
2192,2021-2022,10/17/2021,5-17,6,COVID-19
2194,2021-2022,10/17/2021,18-49,73,COVID-19
2196,2021-2022,10/17/2021,50-64,65,COVID-19
2198,2021-2022,10/17/2021,65,113,COVID-19
2200,2021-2022,10/24/2021,0-4,3,COVID-19
2202,2021-2022,10/24/2021,5-17,5,COVID-19
2204,2021-2022,10/24/2021,18-49,82,COVID-19
2206,2021-2022,10/24/2021,50-64,81,COVID-19
2208,2021-2022,10/24/2021,65,147,COVID-19
2210,2021-2022,10/31/2021,0-4,5,COVID-19
2212,2021-2022,10/31/2021,5-17,8,COVID-19
2214,2021-2022,10/31/2021,18-49,91,COVID-19
2216,2021-2022,10/31/2021,50-64,101,COVID-19
2218,2021-2022,10/31/2021,65,182,COVID-19
2220,2021-2022,11/7/2021,0-4,8,COVID-19
2222,2021-2022,11/7/2021,5-17,6,COVID-19
2224,2021-2022,11/7/2021,18-49,148,COVID-19
2226,2021-2022,11/7/2021,50-64,159,COVID-19
2228,2021-2022,11/7/2021,65,266,COVID-19
2230,2021-2022,11/14/2021,0-4,6,COVID-19
2232,2021-2022,11/14/2021,5-17,13,COVID-19
2234,2021-2022,11/14/2021,18-49,151,COVID-19
2236,2021-2022,11/14/2021,50-64,157,COVID-19
2238,2021-2022,11/14/2021,65,218,COVID-19
2240,2021-2022,11/21/2021,0-4,13,COVID-19
2242,2021-2022,11/21/2021,5-17,8,COVID-19
2244,2021-2022,11/21/2021,18-49,146,COVID-19
2246,2021-2022,11/21/2021,50-64,170,COVID-19
2248,2021-2022,11/21/2021,65,244,COVID-19
2250,2021-2022,11/28/2021,0-4,7,COVID-19
2252,2021-2022,11/28/2021,5-17,16,COVID-19
2254,2021-2022,11/28/2021,18-49,178,COVID-19
2256,2021-2022,11/28/2021,50-64,205,COVID-19
2258,2021-2022,11/28/2021,65,275,COVID-19
2260,2021-2022,12/5/2021,0-4,12,COVID-19
2262,2021-2022,12/5/2021,5-17,1,COVID-19
2264,2021-2022,12/5/2021,18-49,203,COVID-19
2266,2021-2022,12/5/2021,50-64,214,COVID-19
2268,2021-2022,12/5/2021,65,256,COVID-19
2270,2021-2022,12/12/2021,0-4,9,COVID-19
2272,2021-2022,12/12/2021,5-17,7,COVID-19
2274,2021-2022,12/12/2021,18-49,162,COVID-19
2276,2021-2022,12/12/2021,50-64,160,COVID-19
2278,2021-2022,12/12/2021,65,196,COVID-19
2280,2021-2022,12/19/2021,0-4,8,COVID-19
2282,2021-2022,12/19/2021,5-17,4,COVID-19
2284,2021-2022,12/19/2021,18-49,152,COVID-19
2286,2021-2022,12/19/2021,50-64,153,COVID-19
2288,2021-2022,12/19/2021,65,176,COVID-19
2290,2021-2022,12/26/2021,0-4,11,COVID-19
2292,2021-2022,12/26/2021,5-17,14,COVID-19
2294,2021-2022,12/26/2021,18-49,168,COVID-19
2296,2021-2022,12/26/2021,50-64,108,COVID-19
2298,2021-2022,12/26/2021,65,204,COVID-19
2300,2021-2022,1/2/2022,0-4,30,COVID-19
2302,2021-2022,1/2/2022,5-17,22,COVID-19
2304,2021-2022,1/2/2022,18-49,273,COVID-19
2306,2021-2022,1/2/2022,50-64,198,COVID-19
2308,2021-2022,1/2/2022,65,286,COVID-19
2310,2021-2022,1/9/2022,0-4,27,COVID-19
2312,2021-2022,1/9/2022,5-17,22,COVID-19
2314,2021-2022,1/9/2022,18-49,298,COVID-19
2316,2021-2022,1/9/2022,50-64,190,COVID-19
2318,2021-2022,1/9/2022,65,341,COVID-19
2320,2021-2022,1/16/2022,0-4,22,COVID-19
2322,2021-2022,1/16/2022,5-17,34,COVID-19
2324,2021-2022,1/16/2022,18-49,241,COVID-19
2326,2021-2022,1/16/2022,50-64,181,COVID-19
2328,2021-2022,1/16/2022,65,316,COVID-19
2330,2021-2022,1/23/2022,0-4,14,COVID-19
2332,2021-2022,1/23/2022,5-17,20,COVID-19
2334,2021-2022,1/23/2022,18-49,192,COVID-19
2336,2021-2022,1/23/2022,50-64,165,COVID-19
2338,2021-2022,1/23/2022,65,246,COVID-19
2340,2021-2022,1/30/2022,0-4,16,COVID-19
2342,2021-2022,1/30/2022,5-17,14,COVID-19
2344,2021-2022,1/30/2022,18-49,130,COVID-19
2346,2021-2022,1/30/2022,50-64,96,COVID-19
2348,2021-2022,1/30/2022,65,180,COVID-19
2350,2021-2022,2/6/2022,0-4,8,COVID-19
2352,2021-2022,2/6/2022,5-17,10,COVID-19
2354,2021-2022,2/6/2022,18-49,120,COVID-19
2356,2021-2022,2/6/2022,50-64,64,COVID-19
2358,2021-2022,2/6/2022,65,134,COVID-19
2360,2021-2022,2/13/2022,0-4,4,COVID-19
2362,2021-2022,2/13/2022,5-17,10,COVID-19
2364,2021-2022,2/13/2022,18-49,64,COVID-19
2366,2021-2022,2/13/2022,50-64,56,COVID-19
2368,2021-2022,2/13/2022,65,91,COVID-19
2370,2021-2022,2/20/2022,0-4,10,COVID-19
2372,2021-2022,2/20/2022,5-17,6,COVID-19
2374,2021-2022,2/20/2022,18-49,63,COVID-19
2376,2021-2022,2/20/2022,50-64,42,COVID-19
2378,2021-2022,2/20/2022,65,78,COVID-19
2380,2021-2022,2/27/2022,0-4,5,COVID-19
2382,2021-2022,2/27/2022,5-17,8,COVID-19
2384,2021-2022,2/27/2022,18-49,39,COVID-19
2386,2021-2022,2/27/2022,50-64,27,COVID-19
2388,2021-2022,2/27/2022,65,69,COVID-19
2390,2021-2022,3/6/2022,0-4,4,COVID-19
2392,2021-2022,3/6/2022,5-17,4,COVID-19
2394,2021-2022,3/6/2022,18-49,42,COVID-19
2396,2021-2022,3/6/2022,50-64,21,COVID-19
2398,2021-2022,3/6/2022,65,53,COVID-19
2400,2021-2022,3/13/2022,0-4,4,COVID-19
2402,2021-2022,3/13/2022,5-17,7,COVID-19
2404,2021-2022,3/13/2022,18-49,27,COVID-19
2406,2021-2022,3/13/2022,50-64,16,COVID-19
2408,2021-2022,3/13/2022,65,45,COVID-19
2410,2021-2022,3/20/2022,0-4,3,COVID-19
2412,2021-2022,3/20/2022,5-17,2,COVID-19
2414,2021-2022,3/20/2022,18-49,39,COVID-19
2416,2021-2022,3/20/2022,50-64,28,COVID-19
2418,2021-2022,3/20/2022,65,41,COVID-19
2420,2021-2022,3/27/2022,0-4,2,COVID-19
2422,2021-2022,3/27/2022,5-17,3,COVID-19
2424,2021-2022,3/27/2022,18-49,32,COVID-19
2426,2021-2022,3/27/2022,50-64,21,COVID-19
2428,2021-2022,3/27/2022,65,39,COVID-19
2430,2021-2022,4/3/2022,0-4,3,COVID-19
2432,2021-2022,4/3/2022,5-17,1,COVID-19
2434,2021-2022,4/3/2022,18-49,32,COVID-19
2436,2021-2022,4/3/2022,50-64,19,COVID-19
2438,2021-2022,4/3/2022,65,42,COVID-19
2440,2021-2022,4/10/2022,0-4,3,COVID-19
2442,2021-2022,4/10/2022,5-17,4,COVID-19
2444,2021-2022,4/10/2022,18-49,29,COVID-19
2446,2021-2022,4/10/2022,50-64,20,COVID-19
2448,2021-2022,4/10/2022,65,54,COVID-19
2450,2021-2022,4/17/2022,0-4,4,COVID-19
2452,2021-2022,4/17/2022,5-17,4,COVID-19
2454,2021-2022,4/17/2022,18-49,45,COVID-19
2456,2021-2022,4/17/2022,50-64,24,COVID-19
2458,2021-2022,4/17/2022,65,75,COVID-19
2460,2021-2022,4/24/2022,0-4,5,COVID-19
2462,2021-2022,4/24/2022,5-17,7,COVID-19
2464,2021-2022,4/24/2022,18-49,57,COVID-19
2466,2021-2022,4/24/2022,50-64,35,COVID-19
2468,2021-2022,4/24/2022,65,96,COVID-19
2470,2021-2022,5/1/2022,0-4,4,COVID-19
2472,2021-2022,5/1/2022,5-17,4,COVID-19
2474,2021-2022,5/1/2022,18-49,71,COVID-19
2476,2021-2022,5/1/2022,50-64,45,COVID-19
2478,2021-2022,5/1/2022,65,124,COVID-19
2480,2021-2022,5/8/2022,0-4,2,COVID-19
2482,2021-2022,5/8/2022,5-17,7,COVID-19
2484,2021-2022,5/8/2022,18-49,80,COVID-19
2486,2021-2022,5/8/2022,50-64,45,COVID-19
2488,2021-2022,5/8/2022,65,179,COVID-19
2490,2021-2022,5/15/2022,0-4,6,COVID-19
2492,2021-2022,5/15/2022,5-17,6,COVID-19
2494,2021-2022,5/15/2022,18-49,102,COVID-19
2496,2021-2022,5/15/2022,50-64,39,COVID-19
2498,2021-2022,5/15/2022,65,133,COVID-19
2500,2021-2022,5/22/2022,0-4,4,COVID-19
2502,2021-2022,5/22/2022,5-17,7,COVID-19
2504,2021-2022,5/22/2022,18-49,74,COVID-19
2506,2021-2022,5/22/2022,50-64,44,COVID-19
2508,2021-2022,5/22/2022,65,123,COVID-19
2510,2021-2022,5/29/2022,0-4,7,COVID-19
2512,2021-2022,5/29/2022,5-17,5,COVID-19
2514,2021-2022,5/29/2022,18-49,61,COVID-19
2516,2021-2022,5/29/2022,50-64,39,COVID-19
2518,2021-2022,5/29/2022,65,150,COVID-19
2520,2021-2022,6/5/2022,0-4,8,COVID-19
2522,2021-2022,6/5/2022,5-17,15,COVID-19
2524,2021-2022,6/5/2022,18-49,65,COVID-19
2526,2021-2022,6/5/2022,50-64,38,COVID-19
2528,2021-2022,6/5/2022,65,159,COVID-19
2530,2021-2022,6/12/2022,0-4,9,COVID-19
2532,2021-2022,6/12/2022,5-17,5,COVID-19
2534,2021-2022,6/12/2022,18-49,79,COVID-19
2536,2021-2022,6/12/2022,50-64,46,COVID-19
2538,2021-2022,6/12/2022,65,98,COVID-19
2540,2021-2022,6/19/2022,0-4,9,COVID-19
2542,2021-2022,6/19/2022,5-17,8,COVID-19
2544,2021-2022,6/19/2022,18-49,78,COVID-19
2546,2021-2022,6/19/2022,50-64,42,COVID-19
2548,2021-2022,6/19/2022,65,126,COVID-19
2550,2021-2022,6/26/2022,0-4,6,COVID-19
2552,2021-2022,6/26/2022,5-17,11,COVID-19
2554,2021-2022,6/26/2022,18-49,74,COVID-19
2556,2021-2022,6/26/2022,50-64,52,COVID-19
2558,2021-2022,6/26/2022,65,138,COVID-19
2560,2021-2022,7/3/2022,0-4,12,COVID-19
2562,2021-2022,7/3/2022,5-17,6,COVID-19
2564,2021-2022,7/3/2022,18-49,89,COVID-19
2566,2021-2022,7/3/2022,50-64,53,COVID-19
2568,2021-2022,7/3/2022,65,137,COVID-19
2570,2021-2022,7/10/2022,0-4,5,COVID-19
2572,2021-2022,7/10/2022,5-17,7,COVID-19
2574,2021-2022,7/10/2022,18-49,96,COVID-19
2576,2021-2022,7/10/2022,50-64,61,COVID-19
2578,2021-2022,7/10/2022,65,141,COVID-19
2580,2021-2022,7/17/2022,0-4,13,COVID-19
2582,2021-2022,7/17/2022,5-17,7,COVID-19
2584,2021-2022,7/17/2022,18-49,77,COVID-19
2586,2021-2022,7/17/2022,50-64,56,COVID-19
2588,2021-2022,7/17/2022,65,139,COVID-19
2590,2021-2022,7/24/2022,0-4,4,COVID-19
2592,2021-2022,7/24/2022,5-17,10,COVID-19
2594,2021-2022,7/24/2022,18-49,112,COVID-19
2596,2021-2022,7/24/2022,50-64,55,COVID-19
2598,2021-2022,7/24/2022,65,144,COVID-19
2600,2021-2022,7/31/2022,0-4,9,COVID-19
2602,2021-2022,7/31/2022,5-17,8,COVID-19
2604,2021-2022,7/31/2022,18-49,70,COVID-19
2606,2021-2022,7/31/2022,50-64,57,COVID-19
2608,2021-2022,7/31/2022,65,145,COVID-19
2610,2021-2022,8/7/2022,0-4,13,COVID-19
2612,2021-2022,8/7/2022,5-17,5,COVID-19
2614,2021-2022,8/7/2022,18-49,111,COVID-19
2616,2021-2022,8/7/2022,50-64,56,COVID-19
2618,2021-2022,8/7/2022,65,147,COVID-19
2620,2021-2022,8/14/2022,0-4,8,COVID-19
2622,2021-2022,8/14/2022,5-17,4,COVID-19
2624,2021-2022,8/14/2022,18-49,105,COVID-19
2626,2021-2022,8/14/2022,50-64,44,COVID-19
2628,2021-2022,8/14/2022,65,162,COVID-19
2630,2021-2022,8/21/2022,0-4,8,COVID-19
2632,2021-2022,8/21/2022,5-17,7,COVID-19
2634,2021-2022,8/21/2022,18-49,90,COVID-19
2636,2021-2022,8/21/2022,50-64,64,COVID-19
2638,2021-2022,8/21/2022,65,149,COVID-19
2640,2021-2022,8/28/2022,0-4,9,COVID-19
2642,2021-2022,8/28/2022,5-17,7,COVID-19
2644,2021-2022,8/28/2022,18-49,70,COVID-19
2646,2021-2022,8/28/2022,50-64,49,COVID-19
2648,2021-2022,8/28/2022,65,146,COVID-19
2650,2021-2022,9/4/2022,0-4,5,COVID-19
2652,2021-2022,9/4/2022,5-17,8,COVID-19
2654,2021-2022,9/4/2022,18-49,63,COVID-19
2656,2021-2022,9/4/2022,50-64,45,COVID-19
2658,2021-2022,9/4/2022,65,162,COVID-19
2660,2021-2022,9/11/2022,0-4,6,COVID-19
2662,2021-2022,9/11/2022,5-17,6,COVID-19
2664,2021-2022,9/11/2022,18-49,71,COVID-19
2666,2021-2022,9/11/2022,50-64,48,COVID-19
2668,2021-2022,9/11/2022,65,161,COVID-19
2670,2021-2022,9/18/2022,0-4,7,COVID-19
2672,2021-2022,9/18/2022,5-17,8,COVID-19
2674,2021-2022,9/18/2022,18-49,89,COVID-19
2676,2021-2022,9/18/2022,50-64,32,COVID-19
2678,2021-2022,9/18/2022,65,128,COVID-19
2680,2021-2022,9/25/2022,0-4,12,COVID-19
2682,2021-2022,9/25/2022,5-17,7,COVID-19
2684,2021-2022,9/25/2022,18-49,70,COVID-19
2686,2021-2022,9/25/2022,50-64,35,COVID-19
2688,2021-2022,9/25/2022,65,151,COVID-19
2690,2022-2023,10/2/2022,0-4,8,COVID-19
2692,2022-2023,10/2/2022,5-17,5,COVID-19
2694,2022-2023,10/2/2022,18-49,66,COVID-19
2696,2022-2023,10/2/2022,50-64,43,COVID-19
2698,2022-2023,10/2/2022,65,146,COVID-19
2700,2022-2023,10/9/2022,0-4,5,COVID-19
2702,2022-2023,10/9/2022,5-17,3,COVID-19
2704,2022-2023,10/9/2022,18-49,55,COVID-19
2706,2022-2023,10/9/2022,50-64,43,COVID-19
2708,2022-2023,10/9/2022,65,134,COVID-19
2710,2022-2023,10/16/2022,0-4,5,COVID-19
2712,2022-2023,10/16/2022,5-17,3,COVID-19
2714,2022-2023,10/16/2022,18-49,59,COVID-19
2716,2022-2023,10/16/2022,50-64,59,COVID-19
2718,2022-2023,10/16/2022,65,188,COVID-19
2720,2022-2023,10/23/2022,0-4,3,COVID-19
2722,2022-2023,10/23/2022,5-17,4,COVID-19
2724,2022-2023,10/23/2022,18-49,46,COVID-19
2726,2022-2023,10/23/2022,50-64,51,COVID-19
2728,2022-2023,10/23/2022,65,177,COVID-19
2730,2022-2023,10/30/2022,0-4,3,COVID-19
2732,2022-2023,10/30/2022,5-17,1,COVID-19
2734,2022-2023,10/30/2022,18-49,75,COVID-19
2736,2022-2023,10/30/2022,50-64,45,COVID-19
2738,2022-2023,10/30/2022,65,183,COVID-19
2740,2022-2023,11/6/2022,0-4,6,COVID-19
2742,2022-2023,11/6/2022,5-17,2,COVID-19
2744,2022-2023,11/6/2022,18-49,79,COVID-19
2746,2022-2023,11/6/2022,50-64,62,COVID-19
2748,2022-2023,11/6/2022,65,168,COVID-19
2750,2022-2023,11/13/2022,0-4,8,COVID-19
2752,2022-2023,11/13/2022,5-17,4,COVID-19
2754,2022-2023,11/13/2022,18-49,68,COVID-19
2756,2022-2023,11/13/2022,50-64,50,COVID-19
2758,2022-2023,11/13/2022,65,207,COVID-19
2760,2022-2023,11/20/2022,0-4,13,COVID-19
2762,2022-2023,11/20/2022,5-17,4,COVID-19
2764,2022-2023,11/20/2022,18-49,67,COVID-19
2766,2022-2023,11/20/2022,50-64,55,COVID-19
2768,2022-2023,11/20/2022,65,207,COVID-19
2770,2022-2023,11/27/2022,0-4,11,COVID-19
2772,2022-2023,11/27/2022,5-17,3,COVID-19
2774,2022-2023,11/27/2022,18-49,87,COVID-19
2776,2022-2023,11/27/2022,50-64,58,COVID-19
2778,2022-2023,11/27/2022,65,233,COVID-19
2780,2022-2023,12/4/2022,0-4,9,COVID-19
2782,2022-2023,12/4/2022,5-17,4,COVID-19
2784,2022-2023,12/4/2022,18-49,70,COVID-19
2786,2022-2023,12/4/2022,50-64,69,COVID-19
2788,2022-2023,12/4/2022,65,218,COVID-19
2790,2022-2023,12/11/2022,0-4,5,COVID-19
2792,2022-2023,12/11/2022,5-17,4,COVID-19
2794,2022-2023,12/11/2022,18-49,80,COVID-19
2796,2022-2023,12/11/2022,50-64,55,COVID-19
2798,2022-2023,12/11/2022,65,209,COVID-19
2800,2022-2023,12/18/2022,0-4,5,COVID-19
2802,2022-2023,12/18/2022,5-17,0,COVID-19
2804,2022-2023,12/18/2022,18-49,71,COVID-19
2806,2022-2023,12/18/2022,50-64,68,COVID-19
2808,2022-2023,12/18/2022,65,215,COVID-19
2810,2022-2023,12/25/2022,0-4,4,COVID-19
2812,2022-2023,12/25/2022,5-17,4,COVID-19
2814,2022-2023,12/25/2022,18-49,89,COVID-19
2816,2022-2023,12/25/2022,50-64,52,COVID-19
2818,2022-2023,12/25/2022,65,227,COVID-19
2820,2022-2023,1/1/2023,0-4,8,COVID-19
2822,2022-2023,1/1/2023,5-17,5,COVID-19
2824,2022-2023,1/1/2023,18-49,59,COVID-19
2826,2022-2023,1/1/2023,50-64,60,COVID-19
2828,2022-2023,1/1/2023,65,188,COVID-19
2830,2022-2023,1/8/2023,0-4,3,COVID-19
2832,2022-2023,1/8/2023,5-17,4,COVID-19
2834,2022-2023,1/8/2023,18-49,51,COVID-19
2836,2022-2023,1/8/2023,50-64,37,COVID-19
2838,2022-2023,1/8/2023,65,127,COVID-19
2840,2022-2023,1/15/2023,0-4,7,COVID-19
2842,2022-2023,1/15/2023,5-17,2,COVID-19
2844,2022-2023,1/15/2023,18-49,46,COVID-19
2846,2022-2023,1/15/2023,50-64,32,COVID-19
2848,2022-2023,1/15/2023,65,131,COVID-19
2850,2022-2023,1/22/2023,0-4,5,COVID-19
2852,2022-2023,1/22/2023,5-17,7,COVID-19
2854,2022-2023,1/22/2023,18-49,39,COVID-19
2856,2022-2023,1/22/2023,50-64,33,COVID-19
2858,2022-2023,1/22/2023,65,133,COVID-19
2860,2022-2023,1/29/2023,0-4,7,COVID-19
2862,2022-2023,1/29/2023,5-17,3,COVID-19
2864,2022-2023,1/29/2023,18-49,43,COVID-19
2866,2022-2023,1/29/2023,50-64,52,COVID-19
2868,2022-2023,1/29/2023,65,111,COVID-19
2870,2022-2023,2/5/2023,0-4,4,COVID-19
2872,2022-2023,2/5/2023,5-17,8,COVID-19
2874,2022-2023,2/5/2023,18-49,44,COVID-19
2876,2022-2023,2/5/2023,50-64,32,COVID-19
2878,2022-2023,2/5/2023,65,158,COVID-19
2880,2022-2023,2/12/2023,0-4,1,COVID-19
2882,2022-2023,2/12/2023,5-17,5,COVID-19
2884,2022-2023,2/12/2023,18-49,43,COVID-19
2886,2022-2023,2/12/2023,50-64,31,COVID-19
2888,2022-2023,2/12/2023,65,121,COVID-19
2890,2022-2023,2/19/2023,0-4,9,COVID-19
2892,2022-2023,2/19/2023,5-17,2,COVID-19
2894,2022-2023,2/19/2023,18-49,38,COVID-19
2896,2022-2023,2/19/2023,50-64,32,COVID-19
2898,2022-2023,2/19/2023,65,123,COVID-19
2900,2022-2023,2/26/2023,0-4,2,COVID-19
2902,2022-2023,2/26/2023,5-17,3,COVID-19
2904,2022-2023,2/26/2023,18-49,39,COVID-19
2906,2022-2023,2/26/2023,50-64,34,COVID-19
2908,2022-2023,2/26/2023,65,117,COVID-19
2910,2022-2023,3/5/2023,0-4,5,COVID-19
2912,2022-2023,3/5/2023,5-17,2,COVID-19
2914,2022-2023,3/5/2023,18-49,27,COVID-19
2916,2022-2023,3/5/2023,50-64,37,COVID-19
2918,2022-2023,3/5/2023,65,100,COVID-19
2920,2022-2023,3/12/2023,0-4,5,COVID-19
2922,2022-2023,3/12/2023,5-17,2,COVID-19
2924,2022-2023,3/12/2023,18-49,29,COVID-19
2926,2022-2023,3/12/2023,50-64,23,COVID-19
2928,2022-2023,3/12/2023,65,78,COVID-19
2930,2022-2023,3/19/2023,0-4,6,COVID-19
2932,2022-2023,3/19/2023,5-17,2,COVID-19
2934,2022-2023,3/19/2023,18-49,16,COVID-19
2936,2022-2023,3/19/2023,50-64,19,COVID-19
2938,2022-2023,3/19/2023,65,81,COVID-19
2940,2022-2023,3/26/2023,0-4,4,COVID-19
2942,2022-2023,3/26/2023,5-17,6,COVID-19
2944,2022-2023,3/26/2023,18-49,28,COVID-19
2946,2022-2023,3/26/2023,50-64,21,COVID-19
2948,2022-2023,3/26/2023,65,79,COVID-19
2950,2022-2023,4/2/2023,0-4,1,COVID-19
2952,2022-2023,4/2/2023,5-17,4,COVID-19
2954,2022-2023,4/2/2023,18-49,26,COVID-19
2956,2022-2023,4/2/2023,50-64,17,COVID-19
2958,2022-2023,4/2/2023,65,86,COVID-19
2960,2022-2023,4/9/2023,0-4,3,COVID-19
2962,2022-2023,4/9/2023,5-17,2,COVID-19
2964,2022-2023,4/9/2023,18-49,14,COVID-19
2966,2022-2023,4/9/2023,50-64,10,COVID-19
2968,2022-2023,4/9/2023,65,67,COVID-19
2970,2022-2023,4/16/2023,0-4,3,COVID-19
2972,2022-2023,4/16/2023,5-17,5,COVID-19
2974,2022-2023,4/16/2023,18-49,11,COVID-19
2976,2022-2023,4/16/2023,50-64,12,COVID-19
2978,2022-2023,4/16/2023,65,55,COVID-19
2980,2022-2023,4/23/2023,0-4,2,COVID-19
2982,2022-2023,4/23/2023,5-17,2,COVID-19
2984,2022-2023,4/23/2023,18-49,6,COVID-19
2986,2022-2023,4/23/2023,50-64,12,COVID-19
2988,2022-2023,4/23/2023,65,61,COVID-19
2990,2022-2023,4/30/2023,0-4,0,COVID-19
2992,2022-2023,4/30/2023,5-17,1,COVID-19
2994,2022-2023,4/30/2023,18-49,12,COVID-19
2996,2022-2023,4/30/2023,50-64,13,COVID-19
2998,2022-2023,4/30/2023,65,49,COVID-19
3000,2022-2023,5/7/2023,0-4,4,COVID-19
3002,2022-2023,5/7/2023,5-17,1,COVID-19
3004,2022-2023,5/7/2023,18-49,9,COVID-19
3006,2022-2023,5/7/2023,50-64,4,COVID-19
3008,2022-2023,5/7/2023,65,44,COVID-19
3010,2022-2023,5/14/2023,0-4,1,COVID-19
3012,2022-2023,5/14/2023,5-17,1,COVID-19
3014,2022-2023,5/14/2023,18-49,4,COVID-19
3016,2022-2023,5/14/2023,50-64,6,COVID-19
3018,2022-2023,5/14/2023,65,38,COVID-19
3020,2022-2023,5/21/2023,0-4,1,COVID-19
3022,2022-2023,5/21/2023,5-17,2,COVID-19
3024,2022-2023,5/21/2023,18-49,6,COVID-19
3026,2022-2023,5/21/2023,50-64,7,COVID-19
3028,2022-2023,5/21/2023,65,35,COVID-19
3030,2022-2023,5/28/2023,0-4,0,COVID-19
3032,2022-2023,5/28/2023,5-17,0,COVID-19
3034,2022-2023,5/28/2023,18-49,1,COVID-19
3036,2022-2023,5/28/2023,50-64,5,COVID-19
3038,2022-2023,5/28/2023,65,15,COVID-19
3040,2022-2023,6/4/2023,0-4,1,COVID-19
3042,2022-2023,6/4/2023,5-17,0,COVID-19
3044,2022-2023,6/4/2023,18-49,2,COVID-19
3046,2022-2023,6/4/2023,50-64,1,COVID-19
3048,2022-2023,6/4/2023,65,20,COVID-19
3050,2022-2023,6/11/2023,0-4,0,COVID-19
3052,2022-2023,6/11/2023,5-17,0,COVID-19
3054,2022-2023,6/11/2023,18-49,5,COVID-19
3056,2022-2023,6/11/2023,50-64,6,COVID-19
3058,2022-2023,6/11/2023,65,19,COVID-19
3060,2022-2023,6/18/2023,0-4,0,COVID-19
3062,2022-2023,6/18/2023,5-17,0,COVID-19
3064,2022-2023,6/18/2023,18-49,0,COVID-19
3066,2022-2023,6/18/2023,50-64,5,COVID-19
3068,2022-2023,6/18/2023,65,15,COVID-19
3070,2022-2023,6/25/2023,0-4,1,COVID-19
3072,2022-2023,6/25/2023,5-17,0,COVID-19
3074,2022-2023,6/25/2023,18-49,1,COVID-19
3076,2022-2023,6/25/2023,50-64,4,COVID-19
3078,2022-2023,6/25/2023,65,21,COVID-19
3080,2022-2023,7/2/2023,0-4,0,COVID-19
3082,2022-2023,7/2/2023,5-17,1,COVID-19
3084,2022-2023,7/2/2023,18-49,3,COVID-19
3086,2022-2023,7/2/2023,50-64,6,COVID-19
3088,2022-2023,7/2/2023,65,10,COVID-19
3090,2022-2023,7/9/2023,0-4,1,COVID-19
3092,2022-2023,7/9/2023,5-17,0,COVID-19
3094,2022-2023,7/9/2023,18-49,4,COVID-19
3096,2022-2023,7/9/2023,50-64,9,COVID-19
3098,2022-2023,7/9/2023,65,22,COVID-19
3100,2022-2023,7/16/2023,0-4,1,COVID-19
3102,2022-2023,7/16/2023,5-17,0,COVID-19
3104,2022-2023,7/16/2023,18-49,5,COVID-19
3106,2022-2023,7/16/2023,50-64,8,COVID-19
3108,2022-2023,7/16/2023,65,27,COVID-19
3110,2022-2023,7/23/2023,0-4,0,COVID-19
3112,2022-2023,7/23/2023,5-17,0,COVID-19
3114,2022-2023,7/23/2023,18-49,3,COVID-19
3116,2022-2023,7/23/2023,50-64,7,COVID-19
3118,2022-2023,7/23/2023,65,26,COVID-19
3120,2022-2023,7/30/2023,0-4,1,COVID-19
3122,2022-2023,7/30/2023,5-17,1,COVID-19
3124,2022-2023,7/30/2023,18-49,10,COVID-19
3126,2022-2023,7/30/2023,50-64,3,COVID-19
3128,2022-2023,7/30/2023,65,35,COVID-19
3130,2022-2023,8/6/2023,0-4,2,COVID-19
3132,2022-2023,8/6/2023,5-17,1,COVID-19
3134,2022-2023,8/6/2023,18-49,12,COVID-19
3136,2022-2023,8/6/2023,50-64,9,COVID-19
3138,2022-2023,8/6/2023,65,38,COVID-19
3140,2022-2023,8/13/2023,0-4,2,COVID-19
3142,2022-2023,8/13/2023,5-17,0,COVID-19
3144,2022-2023,8/13/2023,18-49,8,COVID-19
3146,2022-2023,8/13/2023,50-64,12,COVID-19
3148,2022-2023,8/13/2023,65,43,COVID-19
3150,2022-2023,8/20/2023,0-4,2,COVID-19
3152,2022-2023,8/20/2023,5-17,1,COVID-19
3154,2022-2023,8/20/2023,18-49,14,COVID-19
3156,2022-2023,8/20/2023,50-64,13,COVID-19
3158,2022-2023,8/20/2023,65,48,COVID-19
3160,2022-2023,8/27/2023,0-4,2,COVID-19
3162,2022-2023,8/27/2023,5-17,0,COVID-19
3164,2022-2023,8/27/2023,18-49,16,COVID-19
3166,2022-2023,8/27/2023,50-64,14,COVID-19
3168,2022-2023,8/27/2023,65,71,COVID-19
3170,2022-2023,9/3/2023,0-4,5,COVID-19
3172,2022-2023,9/3/2023,5-17,3,COVID-19
3174,2022-2023,9/3/2023,18-49,12,COVID-19
3176,2022-2023,9/3/2023,50-64,13,COVID-19
3178,2022-2023,9/3/2023,65,75,COVID-19
3180,2022-2023,9/10/2023,0-4,5,COVID-19
3182,2022-2023,9/10/2023,5-17,3,COVID-19
3184,2022-2023,9/10/2023,18-49,26,COVID-19
3186,2022-2023,9/10/2023,50-64,10,COVID-19
3188,2022-2023,9/10/2023,65,76,COVID-19
3190,2022-2023,9/17/2023,0-4,0,COVID-19
3192,2022-2023,9/17/2023,5-17,2,COVID-19
3194,2022-2023,9/17/2023,18-49,20,COVID-19
3196,2022-2023,9/17/2023,50-64,25,COVID-19
3198,2022-2023,9/17/2023,65,96,COVID-19
3200,2022-2023,9/24/2023,0-4,2,COVID-19
3202,2022-2023,9/24/2023,5-17,2,COVID-19
3204,2022-2023,9/24/2023,18-49,21,COVID-19
3206,2022-2023,9/24/2023,50-64,19,COVID-19
3208,2022-2023,9/24/2023,65,106,COVID-19
3210,2023-2024,10/1/2023,0-4,6,COVID-19
3212,2023-2024,10/1/2023,5-17,2,COVID-19
3214,2023-2024,10/1/2023,18-49,15,COVID-19
3216,2023-2024,10/1/2023,50-64,26,COVID-19
3218,2023-2024,10/1/2023,65,80,COVID-19
3220,2023-2024,10/1/2023,0-4,1,COVID-19
3222,2023-2024,10/1/2023,5-17,1,COVID-19
3224,2023-2024,10/1/2023,18-49,6,COVID-19
3226,2023-2024,10/1/2023,50-64,17,COVID-19
3228,2023-2024,10/1/2023,65,83,COVID-19
3230,2023-2024,10/1/2023,0-4,7,COVID-19
3232,2023-2024,10/1/2023,5-17,3,COVID-19
3234,2023-2024,10/1/2023,18-49,21,COVID-19
3236,2023-2024,10/1/2023,50-64,43,COVID-19
3238,2023-2024,10/1/2023,65,163,COVID-19
3240,2023-2024,10/8/2023,0-4,4,COVID-19
3242,2023-2024,10/8/2023,5-17,2,COVID-19
3244,2023-2024,10/8/2023,18-49,28,COVID-19
3246,2023-2024,10/8/2023,50-64,15,COVID-19
3248,2023-2024,10/8/2023,65,105,COVID-19
3250,2023-2024,10/8/2023,0-4,1,COVID-19
3252,2023-2024,10/8/2023,5-17,2,COVID-19
3254,2023-2024,10/8/2023,18-49,13,COVID-19
3256,2023-2024,10/8/2023,50-64,12,COVID-19
3258,2023-2024,10/8/2023,65,110,COVID-19
3260,2023-2024,10/8/2023,0-4,5,COVID-19
3262,2023-2024,10/8/2023,5-17,4,COVID-19
3264,2023-2024,10/8/2023,18-49,41,COVID-19
3266,2023-2024,10/8/2023,50-64,27,COVID-19
3268,2023-2024,10/8/2023,65,215,COVID-19
3270,2023-2024,10/15/2023,0-4,1,COVID-19
3272,2023-2024,10/15/2023,5-17,1,COVID-19
3274,2023-2024,10/15/2023,18-49,23,COVID-19
3276,2023-2024,10/15/2023,50-64,30,COVID-19
3278,2023-2024,10/15/2023,65,116,COVID-19
3280,2023-2024,10/15/2023,0-4,4,COVID-19
3282,2023-2024,10/15/2023,5-17,1,COVID-19
3284,2023-2024,10/15/2023,18-49,10,COVID-19
3286,2023-2024,10/15/2023,50-64,18,COVID-19
3288,2023-2024,10/15/2023,65,110,COVID-19
3290,2023-2024,10/15/2023,0-4,5,COVID-19
3292,2023-2024,10/15/2023,5-17,2,COVID-19
3294,2023-2024,10/15/2023,18-49,33,COVID-19
3296,2023-2024,10/15/2023,50-64,48,COVID-19
3298,2023-2024,10/15/2023,65,226,COVID-19
3300,2023-2024,10/22/2023,0-4,1,COVID-19
3302,2023-2024,10/22/2023,5-17,1,COVID-19
3304,2023-2024,10/22/2023,18-49,16,COVID-19
3306,2023-2024,10/22/2023,50-64,23,COVID-19
3308,2023-2024,10/22/2023,65,106,COVID-19
3310,2023-2024,10/22/2023,0-4,0,COVID-19
3312,2023-2024,10/22/2023,5-17,1,COVID-19
3314,2023-2024,10/22/2023,18-49,6,COVID-19
3316,2023-2024,10/22/2023,50-64,12,COVID-19
3318,2023-2024,10/22/2023,65,106,COVID-19
3320,2023-2024,10/22/2023,0-4,1,COVID-19
3322,2023-2024,10/22/2023,5-17,2,COVID-19
3324,2023-2024,10/22/2023,18-49,22,COVID-19
3326,2023-2024,10/22/2023,50-64,35,COVID-19
3328,2023-2024,10/22/2023,65,212,COVID-19
3330,2023-2024,10/29/2023,0-4,4,COVID-19
3332,2023-2024,10/29/2023,5-17,0,COVID-19
3334,2023-2024,10/29/2023,18-49,28,COVID-19
3336,2023-2024,10/29/2023,50-64,20,COVID-19
3338,2023-2024,10/29/2023,65,88,COVID-19
3340,2023-2024,10/29/2023,0-4,2,COVID-19
3342,2023-2024,10/29/2023,5-17,1,COVID-19
3344,2023-2024,10/29/2023,18-49,12,COVID-19
3346,2023-2024,10/29/2023,50-64,17,COVID-19
3348,2023-2024,10/29/2023,65,104,COVID-19
3350,2023-2024,10/29/2023,0-4,6,COVID-19
3352,2023-2024,10/29/2023,5-17,1,COVID-19
3354,2023-2024,10/29/2023,18-49,40,COVID-19
3356,2023-2024,10/29/2023,50-64,37,COVID-19
3358,2023-2024,10/29/2023,65,192,COVID-19
3360,2023-2024,11/5/2023,0-4,5,COVID-19
3362,2023-2024,11/5/2023,5-17,1,COVID-19
3364,2023-2024,11/5/2023,18-49,27,COVID-19
3366,2023-2024,11/5/2023,50-64,27,COVID-19
3368,2023-2024,11/5/2023,65,133,COVID-19
3370,2023-2024,11/5/2023,0-4,5,COVID-19
3372,2023-2024,11/5/2023,5-17,1,COVID-19
3374,2023-2024,11/5/2023,18-49,8,COVID-19
3376,2023-2024,11/5/2023,50-64,15,COVID-19
3378,2023-2024,11/5/2023,65,112,COVID-19
3380,2023-2024,11/5/2023,0-4,10,COVID-19
3382,2023-2024,11/5/2023,5-17,2,COVID-19
3384,2023-2024,11/5/2023,18-49,35,COVID-19
3386,2023-2024,11/5/2023,50-64,42,COVID-19
3388,2023-2024,11/5/2023,65,245,COVID-19
3390,2023-2024,11/12/2023,0-4,9,COVID-19
3392,2023-2024,11/12/2023,5-17,4,COVID-19
3394,2023-2024,11/12/2023,18-49,25,COVID-19
3396,2023-2024,11/12/2023,50-64,25,COVID-19
3398,2023-2024,11/12/2023,65,118,COVID-19
3400,2023-2024,11/12/2023,0-4,3,COVID-19
3402,2023-2024,11/12/2023,5-17,0,COVID-19
3404,2023-2024,11/12/2023,18-49,21,COVID-19
3406,2023-2024,11/12/2023,50-64,25,COVID-19
3408,2023-2024,11/12/2023,65,169,COVID-19
3410,2023-2024,11/12/2023,0-4,12,COVID-19
3412,2023-2024,11/12/2023,5-17,4,COVID-19
3414,2023-2024,11/12/2023,18-49,46,COVID-19
3416,2023-2024,11/12/2023,50-64,50,COVID-19
3418,2023-2024,11/12/2023,65,287,COVID-19
3420,2023-2024,11/19/2023,0-4,7,COVID-19
3422,2023-2024,11/19/2023,5-17,6,COVID-19
3424,2023-2024,11/19/2023,18-49,31,COVID-19
3426,2023-2024,11/19/2023,50-64,34,COVID-19
3428,2023-2024,11/19/2023,65,126,COVID-19
3430,2023-2024,11/19/2023,0-4,3,COVID-19
3432,2023-2024,11/19/2023,5-17,0,COVID-19
3434,2023-2024,11/19/2023,18-49,18,COVID-19
3436,2023-2024,11/19/2023,50-64,24,COVID-19
3438,2023-2024,11/19/2023,65,164,COVID-19
3440,2023-2024,11/19/2023,0-4,10,COVID-19
3442,2023-2024,11/19/2023,5-17,6,COVID-19
3444,2023-2024,11/19/2023,18-49,49,COVID-19
3446,2023-2024,11/19/2023,50-64,58,COVID-19
3448,2023-2024,11/19/2023,65,290,COVID-19
3450,2023-2024,11/26/2023,0-4,11,COVID-19
3452,2023-2024,11/26/2023,5-17,3,COVID-19
3454,2023-2024,11/26/2023,18-49,25,COVID-19
3456,2023-2024,11/26/2023,50-64,23,COVID-19
3458,2023-2024,11/26/2023,65,179,COVID-19
3460,2023-2024,11/26/2023,0-4,9,COVID-19
3462,2023-2024,11/26/2023,5-17,2,COVID-19
3464,2023-2024,11/26/2023,18-49,14,COVID-19
3466,2023-2024,11/26/2023,50-64,40,COVID-19
3468,2023-2024,11/26/2023,65,190,COVID-19
3470,2023-2024,11/26/2023,0-4,20,COVID-19
3472,2023-2024,11/26/2023,5-17,5,COVID-19
3474,2023-2024,11/26/2023,18-49,39,COVID-19
3476,2023-2024,11/26/2023,50-64,63,COVID-19
3478,2023-2024,11/26/2023,65,369,COVID-19
3480,2023-2024,12/3/2023,0-4,11,COVID-19
3482,2023-2024,12/3/2023,5-17,2,COVID-19
3484,2023-2024,12/3/2023,18-49,30,COVID-19
3486,2023-2024,12/3/2023,50-64,50,COVID-19
3488,2023-2024,12/3/2023,65,151,COVID-19
3490,2023-2024,12/3/2023,0-4,8,COVID-19
3492,2023-2024,12/3/2023,5-17,3,COVID-19
3494,2023-2024,12/3/2023,18-49,30,COVID-19
3496,2023-2024,12/3/2023,50-64,32,COVID-19
3498,2023-2024,12/3/2023,65,185,COVID-19
3500,2023-2024,12/3/2023,0-4,19,COVID-19
3502,2023-2024,12/3/2023,5-17,5,COVID-19
3504,2023-2024,12/3/2023,18-49,60,COVID-19
3506,2023-2024,12/3/2023,50-64,82,COVID-19
3508,2023-2024,12/3/2023,65,336,COVID-19
3510,2023-2024,12/10/2023,0-4,9,COVID-19
3512,2023-2024,12/10/2023,5-17,6,COVID-19
3514,2023-2024,12/10/2023,18-49,32,COVID-19
3516,2023-2024,12/10/2023,50-64,41,COVID-19
3518,2023-2024,12/10/2023,65,165,COVID-19
3520,2023-2024,12/10/2023,0-4,10,COVID-19
3522,2023-2024,12/10/2023,5-17,1,COVID-19
3524,2023-2024,12/10/2023,18-49,24,COVID-19
3526,2023-2024,12/10/2023,50-64,40,COVID-19
3528,2023-2024,12/10/2023,65,183,COVID-19
3530,2023-2024,12/10/2023,0-4,19,COVID-19
3532,2023-2024,12/10/2023,5-17,7,COVID-19
3534,2023-2024,12/10/2023,18-49,56,COVID-19
3536,2023-2024,12/10/2023,50-64,81,COVID-19
3538,2023-2024,12/10/2023,65,348,COVID-19
3540,2023-2024,12/17/2023,0-4,17,COVID-19
3542,2023-2024,12/17/2023,5-17,6,COVID-19
3544,2023-2024,12/17/2023,18-49,34,COVID-19
3546,2023-2024,12/17/2023,50-64,38,COVID-19
3548,2023-2024,12/17/2023,65,199,COVID-19
3550,2023-2024,12/17/2023,0-4,8,COVID-19
3552,2023-2024,12/17/2023,5-17,8,COVID-19
3554,2023-2024,12/17/2023,18-49,27,COVID-19
3556,2023-2024,12/17/2023,50-64,27,COVID-19
3558,2023-2024,12/17/2023,65,197,COVID-19
3560,2023-2024,12/17/2023,0-4,25,COVID-19
3562,2023-2024,12/17/2023,5-17,14,COVID-19
3564,2023-2024,12/17/2023,18-49,61,COVID-19
3566,2023-2024,12/17/2023,50-64,65,COVID-19
3568,2023-2024,12/17/2023,65,396,COVID-19
3570,2023-2024,12/24/2023,0-4,20,COVID-19
3572,2023-2024,12/24/2023,5-17,6,COVID-19
3574,2023-2024,12/24/2023,18-49,33,COVID-19
3576,2023-2024,12/24/2023,50-64,37,COVID-19
3578,2023-2024,12/24/2023,65,216,COVID-19
3580,2023-2024,12/24/2023,0-4,11,COVID-19
3582,2023-2024,12/24/2023,5-17,2,COVID-19
3584,2023-2024,12/24/2023,18-49,32,COVID-19
3586,2023-2024,12/24/2023,50-64,30,COVID-19
3588,2023-2024,12/24/2023,65,232,COVID-19
3590,2023-2024,12/24/2023,0-4,31,COVID-19
3592,2023-2024,12/24/2023,5-17,8,COVID-19
3594,2023-2024,12/24/2023,18-49,65,COVID-19
3596,2023-2024,12/24/2023,50-64,67,COVID-19
3598,2023-2024,12/24/2023,65,448,COVID-19
3600,2023-2024,12/31/2023,0-4,9,COVID-19
3602,2023-2024,12/31/2023,5-17,4,COVID-19
3604,2023-2024,12/31/2023,18-49,33,COVID-19
3606,2023-2024,12/31/2023,50-64,41,COVID-19
3608,2023-2024,12/31/2023,65,191,COVID-19
3610,2023-2024,12/31/2023,0-4,6,COVID-19
3612,2023-2024,12/31/2023,5-17,4,COVID-19
3614,2023-2024,12/31/2023,18-49,36,COVID-19
3616,2023-2024,12/31/2023,50-64,40,COVID-19
3618,2023-2024,12/31/2023,65,187,COVID-19
3620,2023-2024,12/31/2023,0-4,15,COVID-19
3622,2023-2024,12/31/2023,5-17,8,COVID-19
3624,2023-2024,12/31/2023,18-49,69,COVID-19
3626,2023-2024,12/31/2023,50-64,81,COVID-19
3628,2023-2024,12/31/2023,65,378,COVID-19
3630,2023-2024,1/7/2024,0-4,8,COVID-19
3632,2023-2024,1/7/2024,5-17,0,COVID-19
3634,2023-2024,1/7/2024,18-49,35,COVID-19
3636,2023-2024,1/7/2024,50-64,45,COVID-19
3638,2023-2024,1/7/2024,65,169,COVID-19
3640,2023-2024,1/7/2024,0-4,10,COVID-19
3642,2023-2024,1/7/2024,5-17,0,COVID-19
3644,2023-2024,1/7/2024,18-49,23,COVID-19
3646,2023-2024,1/7/2024,50-64,42,COVID-19
3648,2023-2024,1/7/2024,65,143,COVID-19
3650,2023-2024,1/7/2024,0-4,18,COVID-19
3652,2023-2024,1/7/2024,5-17,0,COVID-19
3654,2023-2024,1/7/2024,18-49,58,COVID-19
3656,2023-2024,1/7/2024,50-64,87,COVID-19
3658,2023-2024,1/7/2024,65,312,COVID-19
3660,2023-2024,1/14/2024,0-4,4,COVID-19
3662,2023-2024,1/14/2024,5-17,2,COVID-19
3664,2023-2024,1/14/2024,18-49,29,COVID-19
3666,2023-2024,1/14/2024,50-64,30,COVID-19
3668,2023-2024,1/14/2024,65,134,COVID-19
3670,2023-2024,1/14/2024,0-4,9,COVID-19
3672,2023-2024,1/14/2024,5-17,1,COVID-19
3674,2023-2024,1/14/2024,18-49,22,COVID-19
3676,2023-2024,1/14/2024,50-64,24,COVID-19
3678,2023-2024,1/14/2024,65,108,COVID-19
3680,2023-2024,1/14/2024,0-4,13,COVID-19
3682,2023-2024,1/14/2024,5-17,3,COVID-19
3684,2023-2024,1/14/2024,18-49,51,COVID-19
3686,2023-2024,1/14/2024,50-64,54,COVID-19
3688,2023-2024,1/14/2024,65,242,COVID-19
3690,2023-2024,1/21/2024,0-4,8,COVID-19
3692,2023-2024,1/21/2024,5-17,1,COVID-19
3694,2023-2024,1/21/2024,18-49,27,COVID-19
3696,2023-2024,1/21/2024,50-64,31,COVID-19
3698,2023-2024,1/21/2024,65,126,COVID-19
3700,2023-2024,1/21/2024,0-4,10,COVID-19
3702,2023-2024,1/21/2024,5-17,1,COVID-19
3704,2023-2024,1/21/2024,18-49,9,COVID-19
3706,2023-2024,1/21/2024,50-64,23,COVID-19
3708,2023-2024,1/21/2024,65,87,COVID-19
3710,2023-2024,1/21/2024,0-4,18,COVID-19
3712,2023-2024,1/21/2024,5-17,2,COVID-19
3714,2023-2024,1/21/2024,18-49,36,COVID-19
3716,2023-2024,1/21/2024,50-64,54,COVID-19
3718,2023-2024,1/21/2024,65,213,COVID-19
3720,2023-2024,1/28/2024,0-4,7,COVID-19
3722,2023-2024,1/28/2024,5-17,2,COVID-19
3724,2023-2024,1/28/2024,18-49,19,COVID-19
3726,2023-2024,1/28/2024,50-64,31,COVID-19
3728,2023-2024,1/28/2024,65,108,COVID-19
3730,2023-2024,1/28/2024,0-4,5,COVID-19
3732,2023-2024,1/28/2024,5-17,1,COVID-19
3734,2023-2024,1/28/2024,18-49,16,COVID-19
3736,2023-2024,1/28/2024,50-64,13,COVID-19
3738,2023-2024,1/28/2024,65,86,COVID-19
3740,2023-2024,1/28/2024,0-4,12,COVID-19
3742,2023-2024,1/28/2024,5-17,3,COVID-19
3744,2023-2024,1/28/2024,18-49,35,COVID-19
3746,2023-2024,1/28/2024,50-64,44,COVID-19
3748,2023-2024,1/28/2024,65,194,COVID-19
3750,2023-2024,2/4/2024,0-4,7,COVID-19
3752,2023-2024,2/4/2024,5-17,0,COVID-19
3754,2023-2024,2/4/2024,18-49,27,COVID-19
3756,2023-2024,2/4/2024,50-64,25,COVID-19
3758,2023-2024,2/4/2024,65,91,COVID-19
3760,2023-2024,2/4/2024,0-4,4,COVID-19
3762,2023-2024,2/4/2024,5-17,0,COVID-19
3764,2023-2024,2/4/2024,18-49,9,COVID-19
3766,2023-2024,2/4/2024,50-64,12,COVID-19
3768,2023-2024,2/4/2024,65,86,COVID-19
3770,2023-2024,2/4/2024,0-4,11,COVID-19
3772,2023-2024,2/4/2024,5-17,0,COVID-19
3774,2023-2024,2/4/2024,18-49,36,COVID-19
3776,2023-2024,2/4/2024,50-64,37,COVID-19
3778,2023-2024,2/4/2024,65,177,COVID-19
3780,2023-2024,2/11/2024,0-4,7,COVID-19
3782,2023-2024,2/11/2024,5-17,4,COVID-19
3784,2023-2024,2/11/2024,18-49,18,COVID-19
3786,2023-2024,2/11/2024,50-64,23,COVID-19
3788,2023-2024,2/11/2024,65,79,COVID-19
3790,2023-2024,2/11/2024,0-4,5,COVID-19
3792,2023-2024,2/11/2024,5-17,1,COVID-19
3794,2023-2024,2/11/2024,18-49,10,COVID-19
3796,2023-2024,2/11/2024,50-64,11,COVID-19
3798,2023-2024,2/11/2024,65,78,COVID-19
3800,2023-2024,2/11/2024,0-4,12,COVID-19
3802,2023-2024,2/11/2024,5-17,5,COVID-19
3804,2023-2024,2/11/2024,18-49,28,COVID-19
3806,2023-2024,2/11/2024,50-64,34,COVID-19
3808,2023-2024,2/11/2024,65,157,COVID-19
3810,2023-2024,2/18/2024,0-4,2,COVID-19
3812,2023-2024,2/18/2024,5-17,1,COVID-19
3814,2023-2024,2/18/2024,18-49,12,COVID-19
3816,2023-2024,2/18/2024,50-64,20,COVID-19
3818,2023-2024,2/18/2024,65,69,COVID-19
3820,2023-2024,2/18/2024,0-4,0,COVID-19
3822,2023-2024,2/18/2024,5-17,1,COVID-19
3824,2023-2024,2/18/2024,18-49,11,COVID-19
3826,2023-2024,2/18/2024,50-64,4,COVID-19
3828,2023-2024,2/18/2024,65,58,COVID-19
3830,2023-2024,2/18/2024,0-4,2,COVID-19
3832,2023-2024,2/18/2024,5-17,2,COVID-19
3834,2023-2024,2/18/2024,18-49,23,COVID-19
3836,2023-2024,2/18/2024,50-64,24,COVID-19
3838,2023-2024,2/18/2024,65,127,COVID-19
3840,2023-2024,2/25/2024,0-4,5,COVID-19
3842,2023-2024,2/25/2024,5-17,0,COVID-19
3844,2023-2024,2/25/2024,18-49,13,COVID-19
3846,2023-2024,2/25/2024,50-64,9,COVID-19
3848,2023-2024,2/25/2024,65,61,COVID-19
3850,2023-2024,2/25/2024,0-4,2,COVID-19
3852,2023-2024,2/25/2024,5-17,1,COVID-19
3854,2023-2024,2/25/2024,18-49,5,COVID-19
3856,2023-2024,2/25/2024,50-64,15,COVID-19
3858,2023-2024,2/25/2024,65,52,COVID-19
3860,2023-2024,2/25/2024,0-4,7,COVID-19
3862,2023-2024,2/25/2024,5-17,1,COVID-19
3864,2023-2024,2/25/2024,18-49,18,COVID-19
3866,2023-2024,2/25/2024,50-64,24,COVID-19
3868,2023-2024,2/25/2024,65,113,COVID-19
3870,2023-2024,3/3/2024,0-4,4,COVID-19
3872,2023-2024,3/3/2024,5-17,2,COVID-19
3874,2023-2024,3/3/2024,18-49,5,COVID-19
3876,2023-2024,3/3/2024,50-64,11,COVID-19
3878,2023-2024,3/3/2024,65,57,COVID-19
3880,2023-2024,3/3/2024,0-4,1,COVID-19
3882,2023-2024,3/3/2024,5-17,1,COVID-19
3884,2023-2024,3/3/2024,18-49,9,COVID-19
3886,2023-2024,3/3/2024,50-64,12,COVID-19
3888,2023-2024,3/3/2024,65,56,COVID-19
3890,2023-2024,3/3/2024,0-4,5,COVID-19
3892,2023-2024,3/3/2024,5-17,3,COVID-19
3894,2023-2024,3/3/2024,18-49,14,COVID-19
3896,2023-2024,3/3/2024,50-64,23,COVID-19
3898,2023-2024,3/3/2024,65,113,COVID-19
3900,2023-2024,3/10/2024,0-4,3,COVID-19
3902,2023-2024,3/10/2024,5-17,1,COVID-19
3904,2023-2024,3/10/2024,18-49,10,COVID-19
3906,2023-2024,3/10/2024,50-64,6,COVID-19
3908,2023-2024,3/10/2024,65,59,COVID-19
3910,2023-2024,3/10/2024,0-4,0,COVID-19
3912,2023-2024,3/10/2024,5-17,1,COVID-19
3914,2023-2024,3/10/2024,18-49,4,COVID-19
3916,2023-2024,3/10/2024,50-64,5,COVID-19
3918,2023-2024,3/10/2024,65,37,COVID-19
3920,2023-2024,3/10/2024,0-4,3,COVID-19
3922,2023-2024,3/10/2024,5-17,2,COVID-19
3924,2023-2024,3/10/2024,18-49,14,COVID-19
3926,2023-2024,3/10/2024,50-64,11,COVID-19
3928,2023-2024,3/10/2024,65,96,COVID-19
3930,2023-2024,3/17/2024,0-4,1,COVID-19
3932,2023-2024,3/17/2024,5-17,2,COVID-19
3934,2023-2024,3/17/2024,18-49,6,COVID-19
3936,2023-2024,3/17/2024,50-64,11,COVID-19
3938,2023-2024,3/17/2024,65,43,COVID-19
3940,2023-2024,3/17/2024,0-4,1,COVID-19
3942,2023-2024,3/17/2024,5-17,1,COVID-19
3944,2023-2024,3/17/2024,18-49,3,COVID-19
3946,2023-2024,3/17/2024,50-64,4,COVID-19
3948,2023-2024,3/17/2024,65,38,COVID-19
3950,2023-2024,3/17/2024,0-4,2,COVID-19
3952,2023-2024,3/17/2024,5-17,3,COVID-19
3954,2023-2024,3/17/2024,18-49,9,COVID-19
3956,2023-2024,3/17/2024,50-64,15,COVID-19
3958,2023-2024,3/17/2024,65,81,COVID-19
3960,2023-2024,3/24/2024,0-4,2,COVID-19
3962,2023-2024,3/24/2024,5-17,0,COVID-19
3964,2023-2024,3/24/2024,18-49,7,COVID-19
3966,2023-2024,3/24/2024,50-64,9,COVID-19
3968,2023-2024,3/24/2024,65,43,COVID-19
3970,2023-2024,3/24/2024,0-4,1,COVID-19
3972,2023-2024,3/24/2024,5-17,0,COVID-19
3974,2023-2024,3/24/2024,18-49,1,COVID-19
3976,2023-2024,3/24/2024,50-64,8,COVID-19
3978,2023-2024,3/24/2024,65,32,COVID-19
3980,2023-2024,3/24/2024,0-4,3,COVID-19
3982,2023-2024,3/24/2024,5-17,0,COVID-19
3984,2023-2024,3/24/2024,18-49,8,COVID-19
3986,2023-2024,3/24/2024,50-64,17,COVID-19
3988,2023-2024,3/24/2024,65,75,COVID-19
3990,2023-2024,3/31/2024,0-4,0,COVID-19
3992,2023-2024,3/31/2024,5-17,1,COVID-19
3994,2023-2024,3/31/2024,18-49,3,COVID-19
3996,2023-2024,3/31/2024,50-64,8,COVID-19
3998,2023-2024,3/31/2024,65,30,COVID-19
4000,2023-2024,3/31/2024,0-4,0,COVID-19
4002,2023-2024,3/31/2024,5-17,0,COVID-19
4004,2023-2024,3/31/2024,18-49,5,COVID-19
4006,2023-2024,3/31/2024,50-64,3,COVID-19
4008,2023-2024,3/31/2024,65,43,COVID-19
4010,2023-2024,3/31/2024,0-4,0,COVID-19
4012,2023-2024,3/31/2024,5-17,1,COVID-19
4014,2023-2024,3/31/2024,18-49,8,COVID-19
4016,2023-2024,3/31/2024,50-64,11,COVID-19
4018,2023-2024,3/31/2024,65,73,COVID-19
4020,2023-2024,4/7/2024,0-4,0,COVID-19
4022,2023-2024,4/7/2024,5-17,0,COVID-19
4024,2023-2024,4/7/2024,18-49,5,COVID-19
4026,2023-2024,4/7/2024,50-64,10,COVID-19
4028,2023-2024,4/7/2024,65,19,COVID-19
4030,2023-2024,4/7/2024,0-4,3,COVID-19
4032,2023-2024,4/7/2024,5-17,0,COVID-19
4034,2023-2024,4/7/2024,18-49,1,COVID-19
4036,2023-2024,4/7/2024,50-64,7,COVID-19
4038,2023-2024,4/7/2024,65,30,COVID-19
4040,2023-2024,4/7/2024,0-4,3,COVID-19
4042,2023-2024,4/7/2024,5-17,0,COVID-19
4044,2023-2024,4/7/2024,18-49,6,COVID-19
4046,2023-2024,4/7/2024,50-64,17,COVID-19
4048,2023-2024,4/7/2024,65,49,COVID-19
4050,2023-2024,4/14/2024,0-4,3,COVID-19
4052,2023-2024,4/14/2024,5-17,0,COVID-19
4054,2023-2024,4/14/2024,18-49,3,COVID-19
4056,2023-2024,4/14/2024,50-64,7,COVID-19
4058,2023-2024,4/14/2024,65,23,COVID-19
4060,2023-2024,4/14/2024,0-4,1,COVID-19
4062,2023-2024,4/14/2024,5-17,0,COVID-19
4064,2023-2024,4/14/2024,18-49,2,COVID-19
4066,2023-2024,4/14/2024,50-64,6,COVID-19
4068,2023-2024,4/14/2024,65,21,COVID-19
4070,2023-2024,4/14/2024,0-4,4,COVID-19
4072,2023-2024,4/14/2024,5-17,0,COVID-19
4074,2023-2024,4/14/2024,18-49,5,COVID-19
4076,2023-2024,4/14/2024,50-64,13,COVID-19
4078,2023-2024,4/14/2024,65,44,COVID-19
4080,2023-2024,4/21/2024,0-4,0,COVID-19
4082,2023-2024,4/21/2024,5-17,2,COVID-19
4084,2023-2024,4/21/2024,18-49,6,COVID-19
4086,2023-2024,4/21/2024,50-64,8,COVID-19
4088,2023-2024,4/21/2024,65,27,COVID-19
4090,2023-2024,4/21/2024,0-4,0,COVID-19
4092,2023-2024,4/21/2024,5-17,0,COVID-19
4094,2023-2024,4/21/2024,18-49,1,COVID-19
4096,2023-2024,4/21/2024,50-64,4,COVID-19
4098,2023-2024,4/21/2024,65,23,COVID-19
4100,2023-2024,4/21/2024,0-4,0,COVID-19
4102,2023-2024,4/21/2024,5-17,2,COVID-19
4104,2023-2024,4/21/2024,18-49,7,COVID-19
4106,2023-2024,4/21/2024,50-64,12,COVID-19
4108,2023-2024,4/21/2024,65,50,COVID-19
4110,2023-2024,4/28/2024,0-4,2,COVID-19
4112,2023-2024,4/28/2024,5-17,2,COVID-19
4114,2023-2024,4/28/2024,18-49,7,COVID-19
4116,2023-2024,4/28/2024,50-64,0,COVID-19
4118,2023-2024,4/28/2024,65,22,COVID-19
4120,2023-2024,4/28/2024,0-4,0,COVID-19
4122,2023-2024,4/28/2024,5-17,0,COVID-19
4124,2023-2024,4/28/2024,18-49,3,COVID-19
4126,2023-2024,4/28/2024,50-64,5,COVID-19
4128,2023-2024,4/28/2024,65,27,COVID-19
4130,2023-2024,4/28/2024,0-4,2,COVID-19
4132,2023-2024,4/28/2024,5-17,2,COVID-19
4134,2023-2024,4/28/2024,18-49,10,COVID-19
4136,2023-2024,4/28/2024,50-64,5,COVID-19
4138,2023-2024,4/28/2024,65,49,COVID-19
4140,2023-2024,5/5/2024,0-4,0,COVID-19
4142,2023-2024,5/5/2024,5-17,2,COVID-19
4144,2023-2024,5/5/2024,18-49,5,COVID-19
4146,2023-2024,5/5/2024,50-64,5,COVID-19
4148,2023-2024,5/5/2024,65,28,COVID-19
4150,2023-2024,5/5/2024,0-4,2,COVID-19
4152,2023-2024,5/5/2024,5-17,0,COVID-19
4154,2023-2024,5/5/2024,18-49,0,COVID-19
4156,2023-2024,5/5/2024,50-64,3,COVID-19
4158,2023-2024,5/5/2024,65,20,COVID-19
4160,2023-2024,5/5/2024,0-4,2,COVID-19
4162,2023-2024,5/5/2024,5-17,2,COVID-19
4164,2023-2024,5/5/2024,18-49,5,COVID-19
4166,2023-2024,5/5/2024,50-64,8,COVID-19
4168,2023-2024,5/5/2024,65,48,COVID-19
4170,2023-2024,5/12/2024,0-4,1,COVID-19
4172,2023-2024,5/12/2024,5-17,2,COVID-19
4174,2023-2024,5/12/2024,18-49,2,COVID-19
4176,2023-2024,5/12/2024,50-64,7,COVID-19
4178,2023-2024,5/12/2024,65,33,COVID-19
4180,2023-2024,5/12/2024,0-4,1,COVID-19
4182,2023-2024,5/12/2024,5-17,0,COVID-19
4184,2023-2024,5/12/2024,18-49,3,COVID-19
4186,2023-2024,5/12/2024,50-64,1,COVID-19
4188,2023-2024,5/12/2024,65,28,COVID-19
4190,2023-2024,5/12/2024,0-4,2,COVID-19
4192,2023-2024,5/12/2024,5-17,2,COVID-19
4194,2023-2024,5/12/2024,18-49,5,COVID-19
4196,2023-2024,5/12/2024,50-64,8,COVID-19
4198,2023-2024,5/12/2024,65,61,COVID-19
4200,2023-2024,5/19/2024,0-4,2,COVID-19
4202,2023-2024,5/19/2024,5-17,0,COVID-19
4204,2023-2024,5/19/2024,18-49,5,COVID-19
4206,2023-2024,5/19/2024,50-64,7,COVID-19
4208,2023-2024,5/19/2024,65,20,COVID-19
4210,2023-2024,5/19/2024,0-4,0,COVID-19
4212,2023-2024,5/19/2024,5-17,0,COVID-19
4214,2023-2024,5/19/2024,18-49,0,COVID-19
4216,2023-2024,5/19/2024,50-64,4,COVID-19
4218,2023-2024,5/19/2024,65,18,COVID-19
4220,2023-2024,5/19/2024,0-4,2,COVID-19
4222,2023-2024,5/19/2024,5-17,0,COVID-19
4224,2023-2024,5/19/2024,18-49,5,COVID-19
4226,2023-2024,5/19/2024,50-64,11,COVID-19
4228,2023-2024,5/19/2024,65,38,COVID-19
4230,2023-2024,5/26/2024,0-4,1,COVID-19
4232,2023-2024,5/26/2024,5-17,0,COVID-19
4234,2023-2024,5/26/2024,18-49,10,COVID-19
4236,2023-2024,5/26/2024,50-64,7,COVID-19
4238,2023-2024,5/26/2024,65,32,COVID-19
4240,2023-2024,5/26/2024,0-4,0,COVID-19
4242,2023-2024,5/26/2024,5-17,0,COVID-19
4244,2023-2024,5/26/2024,18-49,7,COVID-19
4246,2023-2024,5/26/2024,50-64,1,COVID-19
4248,2023-2024,5/26/2024,65,24,COVID-19
4250,2023-2024,5/26/2024,0-4,1,COVID-19
4252,2023-2024,5/26/2024,5-17,0,COVID-19
4254,2023-2024,5/26/2024,18-49,17,COVID-19
4256,2023-2024,5/26/2024,50-64,8,COVID-19
4258,2023-2024,5/26/2024,65,56,COVID-19
4260,2023-2024,6/2/2024,0-4,1,COVID-19
4262,2023-2024,6/2/2024,5-17,0,COVID-19
4264,2023-2024,6/2/2024,18-49,5,COVID-19
4266,2023-2024,6/2/2024,50-64,4,COVID-19
4268,2023-2024,6/2/2024,65,29,COVID-19
4270,2023-2024,6/2/2024,0-4,1,COVID-19
4272,2023-2024,6/2/2024,5-17,0,COVID-19
4274,2023-2024,6/2/2024,18-49,1,COVID-19
4276,2023-2024,6/2/2024,50-64,0,COVID-19
4278,2023-2024,6/2/2024,65,16,COVID-19
4280,2023-2024,6/2/2024,0-4,2,COVID-19
4282,2023-2024,6/2/2024,5-17,0,COVID-19
4284,2023-2024,6/2/2024,18-49,6,COVID-19
4286,2023-2024,6/2/2024,50-64,4,COVID-19
4288,2023-2024,6/2/2024,65,45,COVID-19
4290,2023-2024,6/9/2024,0-4,2,COVID-19
4292,2023-2024,6/9/2024,5-17,0,COVID-19
4294,2023-2024,6/9/2024,18-49,11,COVID-19
4296,2023-2024,6/9/2024,50-64,9,COVID-19
4298,2023-2024,6/9/2024,65,37,COVID-19
4300,2023-2024,6/9/2024,0-4,0,COVID-19
4302,2023-2024,6/9/2024,5-17,0,COVID-19
4304,2023-2024,6/9/2024,18-49,6,COVID-19
4306,2023-2024,6/9/2024,50-64,5,COVID-19
4308,2023-2024,6/9/2024,65,26,COVID-19
4310,2023-2024,6/9/2024,0-4,2,COVID-19
4312,2023-2024,6/9/2024,5-17,0,COVID-19
4314,2023-2024,6/9/2024,18-49,17,COVID-19
4316,2023-2024,6/9/2024,50-64,14,COVID-19
4318,2023-2024,6/9/2024,65,63,COVID-19
4320,2023-2024,6/16/2024,0-4,0,COVID-19
4322,2023-2024,6/16/2024,5-17,0,COVID-19
4324,2023-2024,6/16/2024,18-49,9,COVID-19
4326,2023-2024,6/16/2024,50-64,6,COVID-19
4328,2023-2024,6/16/2024,65,42,COVID-19
4330,2023-2024,6/16/2024,0-4,0,COVID-19
4332,2023-2024,6/16/2024,5-17,1,COVID-19
4334,2023-2024,6/16/2024,18-49,2,COVID-19
4336,2023-2024,6/16/2024,50-64,7,COVID-19
4338,2023-2024,6/16/2024,65,36,COVID-19
4340,2023-2024,6/16/2024,0-4,0,COVID-19
4342,2023-2024,6/16/2024,5-17,1,COVID-19
4344,2023-2024,6/16/2024,18-49,11,COVID-19
4346,2023-2024,6/16/2024,50-64,13,COVID-19
4348,2023-2024,6/16/2024,65,78,COVID-19
4350,2023-2024,6/23/2024,0-4,6,COVID-19
4352,2023-2024,6/23/2024,5-17,2,COVID-19
4354,2023-2024,6/23/2024,18-49,11,COVID-19
4356,2023-2024,6/23/2024,50-64,4,COVID-19
4358,2023-2024,6/23/2024,65,66,COVID-19
4360,2023-2024,6/23/2024,0-4,1,COVID-19
4362,2023-2024,6/23/2024,5-17,1,COVID-19
4364,2023-2024,6/23/2024,18-49,5,COVID-19
4366,2023-2024,6/23/2024,50-64,5,COVID-19
4368,2023-2024,6/23/2024,65,42,COVID-19
4370,2023-2024,6/23/2024,0-4,7,COVID-19
4372,2023-2024,6/23/2024,5-17,3,COVID-19
4374,2023-2024,6/23/2024,18-49,16,COVID-19
4376,2023-2024,6/23/2024,50-64,9,COVID-19
4378,2023-2024,6/23/2024,65,108,COVID-19
4380,2023-2024,6/30/2024,0-4,3,COVID-19
4382,2023-2024,6/30/2024,5-17,0,COVID-19
4384,2023-2024,6/30/2024,18-49,14,COVID-19
4386,2023-2024,6/30/2024,50-64,16,COVID-19
4388,2023-2024,6/30/2024,65,55,COVID-19
4390,2023-2024,6/30/2024,0-4,1,COVID-19
4392,2023-2024,6/30/2024,5-17,1,COVID-19
4394,2023-2024,6/30/2024,18-49,6,COVID-19
4396,2023-2024,6/30/2024,50-64,7,COVID-19
4398,2023-2024,6/30/2024,65,46,COVID-19
4400,2023-2024,6/30/2024,0-4,4,COVID-19
4402,2023-2024,6/30/2024,5-17,1,COVID-19
4404,2023-2024,6/30/2024,18-49,20,COVID-19
4406,2023-2024,6/30/2024,50-64,23,COVID-19
4408,2023-2024,6/30/2024,65,101,COVID-19
4410,2023-2024,7/7/2024,0-4,3,COVID-19
4412,2023-2024,7/7/2024,5-17,2,COVID-19
4414,2023-2024,7/7/2024,18-49,8,COVID-19
4416,2023-2024,7/7/2024,50-64,20,COVID-19
4418,2023-2024,7/7/2024,65,78,COVID-19
4420,2023-2024,7/7/2024,0-4,0,COVID-19
4422,2023-2024,7/7/2024,5-17,0,COVID-19
4424,2023-2024,7/7/2024,18-49,5,COVID-19
4426,2023-2024,7/7/2024,50-64,8,COVID-19
4428,2023-2024,7/7/2024,65,50,COVID-19
4430,2023-2024,7/7/2024,0-4,3,COVID-19
4432,2023-2024,7/7/2024,5-17,2,COVID-19
4434,2023-2024,7/7/2024,18-49,13,COVID-19
4436,2023-2024,7/7/2024,50-64,28,COVID-19
4438,2023-2024,7/7/2024,65,128,COVID-19
4440,2023-2024,7/14/2024,0-4,2,COVID-19
4442,2023-2024,7/14/2024,5-17,2,COVID-19
4444,2023-2024,7/14/2024,18-49,19,COVID-19
4446,2023-2024,7/14/2024,50-64,18,COVID-19
4448,2023-2024,7/14/2024,65,77,COVID-19
4450,2023-2024,7/14/2024,0-4,1,COVID-19
4452,2023-2024,7/14/2024,5-17,2,COVID-19
4454,2023-2024,7/14/2024,18-49,4,COVID-19
4456,2023-2024,7/14/2024,50-64,11,COVID-19
4458,2023-2024,7/14/2024,65,58,COVID-19
4460,2023-2024,7/14/2024,0-4,3,COVID-19
4462,2023-2024,7/14/2024,5-17,4,COVID-19
4464,2023-2024,7/14/2024,18-49,23,COVID-19
4466,2023-2024,7/14/2024,50-64,29,COVID-19
4468,2023-2024,7/14/2024,65,135,COVID-19
4470,2023-2024,7/21/2024,0-4,3,COVID-19
4472,2023-2024,7/21/2024,5-17,0,COVID-19
4474,2023-2024,7/21/2024,18-49,19,COVID-19
4476,2023-2024,7/21/2024,50-64,16,COVID-19
4478,2023-2024,7/21/2024,65,86,COVID-19
4480,2023-2024,7/21/2024,0-4,3,COVID-19
4482,2023-2024,7/21/2024,5-17,0,COVID-19
4484,2023-2024,7/21/2024,18-49,5,COVID-19
4486,2023-2024,7/21/2024,50-64,7,COVID-19
4488,2023-2024,7/21/2024,65,63,COVID-19
4490,2023-2024,7/21/2024,0-4,6,COVID-19
4492,2023-2024,7/21/2024,5-17,0,COVID-19
4494,2023-2024,7/21/2024,18-49,24,COVID-19
4496,2023-2024,7/21/2024,50-64,23,COVID-19
4498,2023-2024,7/21/2024,65,149,COVID-19
4500,2023-2024,7/28/2024,0-4,5,COVID-19
4502,2023-2024,7/28/2024,5-17,3,COVID-19
4504,2023-2024,7/28/2024,18-49,23,COVID-19
4506,2023-2024,7/28/2024,50-64,28,COVID-19
4508,2023-2024,7/28/2024,65,81,COVID-19
4510,2023-2024,7/28/2024,0-4,1,COVID-19
4512,2023-2024,7/28/2024,5-17,0,COVID-19
4514,2023-2024,7/28/2024,18-49,3,COVID-19
4516,2023-2024,7/28/2024,50-64,10,COVID-19
4518,2023-2024,7/28/2024,65,76,COVID-19
4520,2023-2024,7/28/2024,0-4,6,COVID-19
4522,2023-2024,7/28/2024,5-17,3,COVID-19
4524,2023-2024,7/28/2024,18-49,26,COVID-19
4526,2023-2024,7/28/2024,50-64,38,COVID-19
4528,2023-2024,7/28/2024,65,157,COVID-19
4530,2023-2024,8/4/2024,0-4,1,COVID-19
4532,2023-2024,8/4/2024,5-17,1,COVID-19
4534,2023-2024,8/4/2024,18-49,21,COVID-19
4536,2023-2024,8/4/2024,50-64,26,COVID-19
4538,2023-2024,8/4/2024,65,96,COVID-19
4540,2023-2024,8/4/2024,0-4,3,COVID-19
4542,2023-2024,8/4/2024,5-17,2,COVID-19
4544,2023-2024,8/4/2024,18-49,6,COVID-19
4546,2023-2024,8/4/2024,50-64,9,COVID-19
4548,2023-2024,8/4/2024,65,62,COVID-19
4550,2023-2024,8/4/2024,0-4,4,COVID-19
4552,2023-2024,8/4/2024,5-17,3,COVID-19
4554,2023-2024,8/4/2024,18-49,27,COVID-19
4556,2023-2024,8/4/2024,50-64,35,COVID-19
4558,2023-2024,8/4/2024,65,158,COVID-19
4560,2023-2024,8/11/2024,0-4,2,COVID-19
4562,2023-2024,8/11/2024,5-17,3,COVID-19
4564,2023-2024,8/11/2024,18-49,10,COVID-19
4566,2023-2024,8/11/2024,50-64,16,COVID-19
4568,2023-2024,8/11/2024,65,91,COVID-19
4570,2023-2024,8/11/2024,0-4,2,COVID-19
4572,2023-2024,8/11/2024,5-17,1,COVID-19
4574,2023-2024,8/11/2024,18-49,6,COVID-19
4576,2023-2024,8/11/2024,50-64,19,COVID-19
4578,2023-2024,8/11/2024,65,117,COVID-19
4580,2023-2024,8/11/2024,0-4,4,COVID-19
4582,2023-2024,8/11/2024,5-17,4,COVID-19
4584,2023-2024,8/11/2024,18-49,16,COVID-19
4586,2023-2024,8/11/2024,50-64,35,COVID-19
4588,2023-2024,8/11/2024,65,208,COVID-19
4590,2023-2024,8/18/2024,0-4,1,COVID-19
4592,2023-2024,8/18/2024,5-17,1,COVID-19
4594,2023-2024,8/18/2024,18-49,19,COVID-19
4596,2023-2024,8/18/2024,50-64,13,COVID-19
4598,2023-2024,8/18/2024,65,95,COVID-19
4600,2023-2024,8/18/2024,0-4,0,COVID-19
4602,2023-2024,8/18/2024,5-17,0,COVID-19
4604,2023-2024,8/18/2024,18-49,10,COVID-19
4606,2023-2024,8/18/2024,50-64,14,COVID-19
4608,2023-2024,8/18/2024,65,117,COVID-19
4610,2023-2024,8/18/2024,0-4,1,COVID-19
4612,2023-2024,8/18/2024,5-17,1,COVID-19
4614,2023-2024,8/18/2024,18-49,29,COVID-19
4616,2023-2024,8/18/2024,50-64,27,COVID-19
4618,2023-2024,8/18/2024,65,212,COVID-19
4620,2023-2024,8/25/2024,0-4,3,COVID-19
4622,2023-2024,8/25/2024,5-17,2,COVID-19
4624,2023-2024,8/25/2024,18-49,22,COVID-19
4626,2023-2024,8/25/2024,50-64,12,COVID-19
4628,2023-2024,8/25/2024,65,98,COVID-19
4630,2023-2024,8/25/2024,0-4,3,COVID-19
4632,2023-2024,8/25/2024,5-17,0,COVID-19
4634,2023-2024,8/25/2024,18-49,10,COVID-19
4636,2023-2024,8/25/2024,50-64,11,COVID-19
4638,2023-2024,8/25/2024,65,93,COVID-19
4640,2023-2024,8/25/2024,0-4,6,COVID-19
4642,2023-2024,8/25/2024,5-17,2,COVID-19
4644,2023-2024,8/25/2024,18-49,32,COVID-19
4646,2023-2024,8/25/2024,50-64,23,COVID-19
4648,2023-2024,8/25/2024,65,191,COVID-19
4650,2023-2024,9/1/2024,0-4,0,COVID-19
4652,2023-2024,9/1/2024,5-17,2,COVID-19
4654,2023-2024,9/1/2024,18-49,14,COVID-19
4656,2023-2024,9/1/2024,50-64,20,COVID-19
4658,2023-2024,9/1/2024,65,99,COVID-19
4660,2023-2024,9/1/2024,0-4,3,COVID-19
4662,2023-2024,9/1/2024,5-17,3,COVID-19
4664,2023-2024,9/1/2024,18-49,10,COVID-19
4666,2023-2024,9/1/2024,50-64,13,COVID-19
4668,2023-2024,9/1/2024,65,94,COVID-19
4670,2023-2024,9/1/2024,0-4,3,COVID-19
4672,2023-2024,9/1/2024,5-17,5,COVID-19
4674,2023-2024,9/1/2024,18-49,24,COVID-19
4676,2023-2024,9/1/2024,50-64,33,COVID-19
4678,2023-2024,9/1/2024,65,193,COVID-19
4680,2023-2024,9/8/2024,0-4,3,COVID-19
4682,2023-2024,9/8/2024,5-17,5,COVID-19
4684,2023-2024,9/8/2024,18-49,15,COVID-19
4686,2023-2024,9/8/2024,50-64,15,COVID-19
4688,2023-2024,9/8/2024,65,94,COVID-19
4690,2023-2024,9/8/2024,0-4,5,COVID-19
4692,2023-2024,9/8/2024,5-17,0,COVID-19
4694,2023-2024,9/8/2024,18-49,15,COVID-19
4696,2023-2024,9/8/2024,50-64,26,COVID-19
4698,2023-2024,9/8/2024,65,110,COVID-19
4700,2023-2024,9/8/2024,0-4,8,COVID-19
4702,2023-2024,9/8/2024,5-17,5,COVID-19
4704,2023-2024,9/8/2024,18-49,30,COVID-19
4706,2023-2024,9/8/2024,50-64,41,COVID-19
4708,2023-2024,9/8/2024,65,204,COVID-19
4710,2023-2024,9/15/2024,0-4,7,COVID-19
4712,2023-2024,9/15/2024,5-17,0,COVID-19
4714,2023-2024,9/15/2024,18-49,11,COVID-19
4716,2023-2024,9/15/2024,50-64,18,COVID-19
4718,2023-2024,9/15/2024,65,95,COVID-19
4720,2023-2024,9/15/2024,0-4,3,COVID-19
4722,2023-2024,9/15/2024,5-17,3,COVID-19
4724,2023-2024,9/15/2024,18-49,13,COVID-19
4726,2023-2024,9/15/2024,50-64,17,COVID-19
4728,2023-2024,9/15/2024,65,106,COVID-19
4730,2023-2024,9/15/2024,0-4,10,COVID-19
4732,2023-2024,9/15/2024,5-17,3,COVID-19
4734,2023-2024,9/15/2024,18-49,24,COVID-19
4736,2023-2024,9/15/2024,50-64,35,COVID-19
4738,2023-2024,9/15/2024,65,201,COVID-19
4740,2023-2024,9/22/2024,0-4,3,COVID-19
4742,2023-2024,9/22/2024,5-17,2,COVID-19
4744,2023-2024,9/22/2024,18-49,12,COVID-19
4746,2023-2024,9/22/2024,50-64,11,COVID-19
4748,2023-2024,9/22/2024,65,88,COVID-19
4750,2023-2024,9/22/2024,0-4,0,COVID-19
4752,2023-2024,9/22/2024,5-17,1,COVID-19
4754,2023-2024,9/22/2024,18-49,11,COVID-19
4756,2023-2024,9/22/2024,50-64,18,COVID-19
4758,2023-2024,9/22/2024,65,99,COVID-19
4760,2023-2024,9/22/2024,0-4,3,COVID-19
4762,2023-2024,9/22/2024,5-17,3,COVID-19
4764,2023-2024,9/22/2024,18-49,23,COVID-19
4766,2023-2024,9/22/2024,50-64,29,COVID-19
4768,2023-2024,9/22/2024,65,187,COVID-19
4770,2023-2024,9/29/2024,0-4,2,COVID-19
4772,2023-2024,9/29/2024,5-17,2,COVID-19
4774,2023-2024,9/29/2024,18-49,6,COVID-19
4776,2023-2024,9/29/2024,50-64,9,COVID-19
4778,2023-2024,9/29/2024,65,63,COVID-19
4780,2023-2024,9/29/2024,0-4,1,COVID-19
4782,2023-2024,9/29/2024,5-17,0,COVID-19
4784,2023-2024,9/29/2024,18-49,3,COVID-19
4786,2023-2024,9/29/2024,50-64,16,COVID-19
4788,2023-2024,9/29/2024,65,84,COVID-19
4790,2023-2024,9/29/2024,0-4,3,COVID-19
4792,2023-2024,9/29/2024,5-17,2,COVID-19
4794,2023-2024,9/29/2024,18-49,9,COVID-19
4796,2023-2024,9/29/2024,50-64,25,COVID-19
4798,2023-2024,9/29/2024,65,147,COVID-19
4800,2024-2025,10/6/2024,0-4,3,COVID-19
4802,2024-2025,10/6/2024,5-17,0,COVID-19
4804,2024-2025,10/6/2024,18-49,5,COVID-19
4806,2024-2025,10/6/2024,50-64,8,COVID-19
4808,2024-2025,10/6/2024,65,59,COVID-19
4810,2024-2025,10/6/2024,0-4,2,COVID-19
4812,2024-2025,10/6/2024,5-17,0,COVID-19
4814,2024-2025,10/6/2024,18-49,5,COVID-19
4816,2024-2025,10/6/2024,50-64,9,COVID-19
4818,2024-2025,10/6/2024,65,78,COVID-19
4820,2024-2025,10/6/2024,0-4,5,COVID-19
4822,2024-2025,10/6/2024,5-17,0,COVID-19
4824,2024-2025,10/6/2024,18-49,10,COVID-19
4826,2024-2025,10/6/2024,50-64,17,COVID-19
4828,2024-2025,10/6/2024,65,137,COVID-19
4830,2024-2025,10/13/2024,0-4,1,COVID-19
4832,2024-2025,10/13/2024,5-17,2,COVID-19
4834,2024-2025,10/13/2024,18-49,3,COVID-19
4836,2024-2025,10/13/2024,50-64,6,COVID-19
4838,2024-2025,10/13/2024,65,62,COVID-19
4840,2024-2025,10/13/2024,0-4,2,COVID-19
4842,2024-2025,10/13/2024,5-17,0,COVID-19
4844,2024-2025,10/13/2024,18-49,2,COVID-19
4846,2024-2025,10/13/2024,50-64,13,COVID-19
4848,2024-2025,10/13/2024,65,62,COVID-19
4850,2024-2025,10/13/2024,0-4,3,COVID-19
4852,2024-2025,10/13/2024,5-17,2,COVID-19
4854,2024-2025,10/13/2024,18-49,5,COVID-19
4856,2024-2025,10/13/2024,50-64,19,COVID-19
4858,2024-2025,10/13/2024,65,124,COVID-19
4860,2024-2025,10/20/2024,0-4,3,COVID-19
4862,2024-2025,10/20/2024,5-17,0,COVID-19
4864,2024-2025,10/20/2024,18-49,5,COVID-19
4866,2024-2025,10/20/2024,50-64,12,COVID-19
4868,2024-2025,10/20/2024,65,52,COVID-19
4870,2024-2025,10/20/2024,0-4,1,COVID-19
4872,2024-2025,10/20/2024,5-17,1,COVID-19
4874,2024-2025,10/20/2024,18-49,7,COVID-19
4876,2024-2025,10/20/2024,50-64,10,COVID-19
4878,2024-2025,10/20/2024,65,61,COVID-19
4880,2024-2025,10/20/2024,0-4,4,COVID-19
4882,2024-2025,10/20/2024,5-17,1,COVID-19
4884,2024-2025,10/20/2024,18-49,12,COVID-19
4886,2024-2025,10/20/2024,50-64,22,COVID-19
4888,2024-2025,10/20/2024,65,113,COVID-19
4890,2024-2025,10/27/2024,0-4,2,COVID-19
4892,2024-2025,10/27/2024,5-17,2,COVID-19
4894,2024-2025,10/27/2024,18-49,6,COVID-19
4896,2024-2025,10/27/2024,50-64,10,COVID-19
4898,2024-2025,10/27/2024,65,40,COVID-19
4900,2024-2025,10/27/2024,0-4,0,COVID-19
4902,2024-2025,10/27/2024,5-17,2,COVID-19
4904,2024-2025,10/27/2024,18-49,4,COVID-19
4906,2024-2025,10/27/2024,50-64,13,COVID-19
4908,2024-2025,10/27/2024,65,47,COVID-19
4910,2024-2025,10/27/2024,0-4,2,COVID-19
4912,2024-2025,10/27/2024,5-17,4,COVID-19
4914,2024-2025,10/27/2024,18-49,10,COVID-19
4916,2024-2025,10/27/2024,50-64,23,COVID-19
4918,2024-2025,10/27/2024,65,87,COVID-19
4920,2024-2025,11/3/2024,0-4,0,COVID-19
4922,2024-2025,11/3/2024,5-17,0,COVID-19
4924,2024-2025,11/3/2024,18-49,11,COVID-19
4926,2024-2025,11/3/2024,50-64,7,COVID-19
4928,2024-2025,11/3/2024,65,47,COVID-19
4930,2024-2025,11/3/2024,0-4,1,COVID-19
4932,2024-2025,11/3/2024,5-17,0,COVID-19
4934,2024-2025,11/3/2024,18-49,7,COVID-19
4936,2024-2025,11/3/2024,50-64,5,COVID-19
4938,2024-2025,11/3/2024,65,53,COVID-19
4940,2024-2025,11/3/2024,0-4,1,COVID-19
4942,2024-2025,11/3/2024,5-17,0,COVID-19
4944,2024-2025,11/3/2024,18-49,18,COVID-19
4946,2024-2025,11/3/2024,50-64,12,COVID-19
4948,2024-2025,11/3/2024,65,100,COVID-19
4950,2024-2025,11/10/2024,0-4,4,COVID-19
4952,2024-2025,11/10/2024,5-17,1,COVID-19
4954,2024-2025,11/10/2024,18-49,3,COVID-19
4956,2024-2025,11/10/2024,50-64,7,COVID-19
4958,2024-2025,11/10/2024,65,33,COVID-19
4960,2024-2025,11/10/2024,0-4,1,COVID-19
4962,2024-2025,11/10/2024,5-17,0,COVID-19
4964,2024-2025,11/10/2024,18-49,5,COVID-19
4966,2024-2025,11/10/2024,50-64,6,COVID-19
4968,2024-2025,11/10/2024,65,43,COVID-19
4970,2024-2025,11/10/2024,0-4,5,COVID-19
4972,2024-2025,11/10/2024,5-17,1,COVID-19
4974,2024-2025,11/10/2024,18-49,8,COVID-19
4976,2024-2025,11/10/2024,50-64,13,COVID-19
4978,2024-2025,11/10/2024,65,76,COVID-19
4980,2024-2025,11/17/2024,0-4,1,COVID-19
4982,2024-2025,11/17/2024,5-17,2,COVID-19
4984,2024-2025,11/17/2024,18-49,8,COVID-19
4986,2024-2025,11/17/2024,50-64,7,COVID-19
4988,2024-2025,11/17/2024,65,36,COVID-19
4990,2024-2025,11/17/2024,0-4,1,COVID-19
4992,2024-2025,11/17/2024,5-17,1,COVID-19
4994,2024-2025,11/17/2024,18-49,7,COVID-19
4996,2024-2025,11/17/2024,50-64,4,COVID-19
4998,2024-2025,11/17/2024,65,52,COVID-19
5000,2024-2025,11/17/2024,0-4,2,COVID-19
5002,2024-2025,11/17/2024,5-17,3,COVID-19
5004,2024-2025,11/17/2024,18-49,15,COVID-19
5006,2024-2025,11/17/2024,50-64,11,COVID-19
5008,2024-2025,11/17/2024,65,88,COVID-19
5010,2024-2025,11/24/2024,0-4,1,COVID-19
5012,2024-2025,11/24/2024,5-17,1,COVID-19
5014,2024-2025,11/24/2024,18-49,3,COVID-19
5016,2024-2025,11/24/2024,50-64,12,COVID-19
5018,2024-2025,11/24/2024,65,44,COVID-19
5020,2024-2025,11/24/2024,0-4,2,COVID-19
5022,2024-2025,11/24/2024,5-17,0,COVID-19
5024,2024-2025,11/24/2024,18-49,9,COVID-19
5026,2024-2025,11/24/2024,50-64,8,COVID-19
5028,2024-2025,11/24/2024,65,50,COVID-19
5030,2024-2025,11/24/2024,0-4,3,COVID-19
5032,2024-2025,11/24/2024,5-17,1,COVID-19
5034,2024-2025,11/24/2024,18-49,12,COVID-19
5036,2024-2025,11/24/2024,50-64,20,COVID-19
5038,2024-2025,11/24/2024,65,94,COVID-19
5040,2024-2025,12/1/2024,0-4,3,COVID-19
5042,2024-2025,12/1/2024,5-17,2,COVID-19
5044,2024-2025,12/1/2024,18-49,6,COVID-19
5046,2024-2025,12/1/2024,50-64,14,COVID-19
5048,2024-2025,12/1/2024,65,56,COVID-19
5050,2024-2025,12/1/2024,0-4,0,COVID-19
5052,2024-2025,12/1/2024,5-17,1,COVID-19
5054,2024-2025,12/1/2024,18-49,14,COVID-19
5056,2024-2025,12/1/2024,50-64,15,COVID-19
5058,2024-2025,12/1/2024,65,87,COVID-19
5060,2024-2025,12/1/2024,0-4,3,COVID-19
5062,2024-2025,12/1/2024,5-17,3,COVID-19
5064,2024-2025,12/1/2024,18-49,20,COVID-19
5066,2024-2025,12/1/2024,50-64,29,COVID-19
5068,2024-2025,12/1/2024,65,143,COVID-19
5070,2024-2025,12/8/2024,0-4,2,COVID-19
5072,2024-2025,12/8/2024,5-17,2,COVID-19
5074,2024-2025,12/8/2024,18-49,7,COVID-19
5076,2024-2025,12/8/2024,50-64,12,COVID-19
5078,2024-2025,12/8/2024,65,78,COVID-19
5080,2024-2025,12/8/2024,0-4,1,COVID-19
5082,2024-2025,12/8/2024,5-17,0,COVID-19
5084,2024-2025,12/8/2024,18-49,5,COVID-19
5086,2024-2025,12/8/2024,50-64,9,COVID-19
5088,2024-2025,12/8/2024,65,101,COVID-19
5090,2024-2025,12/8/2024,0-4,3,COVID-19
5092,2024-2025,12/8/2024,5-17,2,COVID-19
5094,2024-2025,12/8/2024,18-49,12,COVID-19
5096,2024-2025,12/8/2024,50-64,21,COVID-19
5098,2024-2025,12/8/2024,65,179,COVID-19
5100,2024-2025,12/15/2024,0-4,1,COVID-19
5102,2024-2025,12/15/2024,5-17,1,COVID-19
5104,2024-2025,12/15/2024,18-49,8,COVID-19
5106,2024-2025,12/15/2024,50-64,18,COVID-19
5108,2024-2025,12/15/2024,65,85,COVID-19
5110,2024-2025,12/15/2024,0-4,3,COVID-19
5112,2024-2025,12/15/2024,5-17,1,COVID-19
5114,2024-2025,12/15/2024,18-49,10,COVID-19
5116,2024-2025,12/15/2024,50-64,13,COVID-19
5118,2024-2025,12/15/2024,65,89,COVID-19
5120,2024-2025,12/15/2024,0-4,4,COVID-19
5122,2024-2025,12/15/2024,5-17,2,COVID-19
5124,2024-2025,12/15/2024,18-49,18,COVID-19
5126,2024-2025,12/15/2024,50-64,31,COVID-19
5128,2024-2025,12/15/2024,65,174,COVID-19
5130,2024-2025,12/22/2024,0-4,1,COVID-19
5132,2024-2025,12/22/2024,5-17,2,COVID-19
5134,2024-2025,12/22/2024,18-49,16,COVID-19
5136,2024-2025,12/22/2024,50-64,22,COVID-19
5138,2024-2025,12/22/2024,65,112,COVID-19
5140,2024-2025,12/22/2024,0-4,4,COVID-19
5142,2024-2025,12/22/2024,5-17,4,COVID-19
5144,2024-2025,12/22/2024,18-49,14,COVID-19
5146,2024-2025,12/22/2024,50-64,15,COVID-19
5148,2024-2025,12/22/2024,65,130,COVID-19
5150,2024-2025,12/22/2024,0-4,5,COVID-19
5152,2024-2025,12/22/2024,5-17,6,COVID-19
5154,2024-2025,12/22/2024,18-49,30,COVID-19
5156,2024-2025,12/22/2024,50-64,37,COVID-19
5158,2024-2025,12/22/2024,65,242,COVID-19
5160,2024-2025,12/29/2024,0-4,4,COVID-19
5162,2024-2025,12/29/2024,5-17,1,COVID-19
5164,2024-2025,12/29/2024,18-49,20,COVID-19
5166,2024-2025,12/29/2024,50-64,27,COVID-19
5168,2024-2025,12/29/2024,65,133,COVID-19
5170,2024-2025,12/29/2024,0-4,6,COVID-19
5172,2024-2025,12/29/2024,5-17,2,COVID-19
5174,2024-2025,12/29/2024,18-49,26,COVID-19
5176,2024-2025,12/29/2024,50-64,14,COVID-19
5178,2024-2025,12/29/2024,65,141,COVID-19
5180,2024-2025,12/29/2024,0-4,10,COVID-19
5182,2024-2025,12/29/2024,5-17,3,COVID-19
5184,2024-2025,12/29/2024,18-49,46,COVID-19
5186,2024-2025,12/29/2024,50-64,41,COVID-19
5188,2024-2025,12/29/2024,65,274,COVID-19
5190,2024-2025,1/5/2025,0-4,8,COVID-19
5192,2024-2025,1/5/2025,5-17,2,COVID-19
5194,2024-2025,1/5/2025,18-49,24,COVID-19
5196,2024-2025,1/5/2025,50-64,20,COVID-19
5198,2024-2025,1/5/2025,65,107,COVID-19
5200,2024-2025,1/5/2025,0-4,2,COVID-19
5202,2024-2025,1/5/2025,5-17,2,COVID-19
5204,2024-2025,1/5/2025,18-49,19,COVID-19
5206,2024-2025,1/5/2025,50-64,29,COVID-19
5208,2024-2025,1/5/2025,65,107,COVID-19
5210,2024-2025,1/5/2025,0-4,10,COVID-19
5212,2024-2025,1/5/2025,5-17,4,COVID-19
5214,2024-2025,1/5/2025,18-49,43,COVID-19
5216,2024-2025,1/5/2025,50-64,49,COVID-19
5218,2024-2025,1/5/2025,65,214,COVID-19
5220,2024-2025,1/12/2025,0-4,5,COVID-19
5222,2024-2025,1/12/2025,5-17,1,COVID-19
5224,2024-2025,1/12/2025,18-49,11,COVID-19
5226,2024-2025,1/12/2025,50-64,20,COVID-19
5228,2024-2025,1/12/2025,65,92,COVID-19
5230,2024-2025,1/12/2025,0-4,4,COVID-19
5232,2024-2025,1/12/2025,5-17,1,COVID-19
5234,2024-2025,1/12/2025,18-49,11,COVID-19
5236,2024-2025,1/12/2025,50-64,22,COVID-19
5238,2024-2025,1/12/2025,65,80,COVID-19
5240,2024-2025,1/12/2025,0-4,9,COVID-19
5242,2024-2025,1/12/2025,5-17,2,COVID-19
5244,2024-2025,1/12/2025,18-49,22,COVID-19
5246,2024-2025,1/12/2025,50-64,42,COVID-19
5248,2024-2025,1/12/2025,65,172,COVID-19
5250,2024-2025,1/19/2025,0-4,5,COVID-19
5252,2024-2025,1/19/2025,5-17,0,COVID-19
5254,2024-2025,1/19/2025,18-49,11,COVID-19
5256,2024-2025,1/19/2025,50-64,15,COVID-19
5258,2024-2025,1/19/2025,65,82,COVID-19
5260,2024-2025,1/19/2025,0-4,4,COVID-19
5262,2024-2025,1/19/2025,5-17,0,COVID-19
5264,2024-2025,1/19/2025,18-49,13,COVID-19
5266,2024-2025,1/19/2025,50-64,21,COVID-19
5268,2024-2025,1/19/2025,65,77,COVID-19
5270,2024-2025,1/19/2025,0-4,9,COVID-19
5272,2024-2025,1/19/2025,5-17,0,COVID-19
5274,2024-2025,1/19/2025,18-49,24,COVID-19
5276,2024-2025,1/19/2025,50-64,36,COVID-19
5278,2024-2025,1/19/2025,65,159,COVID-19
5280,2024-2025,1/26/2025,0-4,1,COVID-19
5282,2024-2025,1/26/2025,5-17,4,COVID-19
5284,2024-2025,1/26/2025,18-49,15,COVID-19
5286,2024-2025,1/26/2025,50-64,14,COVID-19
5288,2024-2025,1/26/2025,65,68,COVID-19
5290,2024-2025,1/26/2025,0-4,4,COVID-19
5292,2024-2025,1/26/2025,5-17,1,COVID-19
5294,2024-2025,1/26/2025,18-49,6,COVID-19
5296,2024-2025,1/26/2025,50-64,15,COVID-19
5298,2024-2025,1/26/2025,65,64,COVID-19
5300,2024-2025,1/26/2025,0-4,5,COVID-19
5302,2024-2025,1/26/2025,5-17,5,COVID-19
5304,2024-2025,1/26/2025,18-49,21,COVID-19
5306,2024-2025,1/26/2025,50-64,29,COVID-19
5308,2024-2025,1/26/2025,65,132,COVID-19
5310,2024-2025,2/2/2025,0-4,1,COVID-19
5312,2024-2025,2/2/2025,5-17,0,COVID-19
5314,2024-2025,2/2/2025,18-49,9,COVID-19
5316,2024-2025,2/2/2025,50-64,11,COVID-19
5318,2024-2025,2/2/2025,65,35,COVID-19
5320,2024-2025,2/2/2025,0-4,5,COVID-19
5322,2024-2025,2/2/2025,5-17,2,COVID-19
5324,2024-2025,2/2/2025,18-49,13,COVID-19
5326,2024-2025,2/2/2025,50-64,9,COVID-19
5328,2024-2025,2/2/2025,65,53,COVID-19
5330,2024-2025,2/2/2025,0-4,6,COVID-19
5332,2024-2025,2/2/2025,5-17,2,COVID-19
5334,2024-2025,2/2/2025,18-49,22,COVID-19
5336,2024-2025,2/2/2025,50-64,20,COVID-19
5338,2024-2025,2/2/2025,65,88,COVID-19